event,local_seconds,local_frame,soldier_id,command_id,order_id,render_server_seconds,sample_server_seconds,sample_frame,displacement_disabled,net_mode,has_prediction,resolving,has_speed,signed_presented_cm_s,signed_authoritative_cm_s,authoritative_x,authoritative_y,authoritative_z,presented_x,presented_y,presented_z,offset_x,offset_y,offset_z,requested_offset_x,requested_offset_y,requested_offset_z,sample_x,sample_y,sample_z,sample_velocity_x,sample_velocity_y,sample_velocity_z,direction_x,direction_y,direction_z,target_x,target_y,target_z
start,485.318440,9168,1,0,0,0.000000,0.000000,0,0,3,0,0,0,0.000,0.000,-60860.000,-620.000,-1832.000,-60860.000,-620.000,-1832.000,0.000,0.000,0.000,0.000,0.000,0.000,0.000,0.000,0.000,0.000,0.000,0.000,0.000,0.000,0.000,0.000,0.000,0.000
sample_arrival,485.387235,9168,1,0,0,0.000000,470.100006,3489,0,3,0,0,0,0.000,0.000,-60860.000,-620.000,-1832.000,-60860.000,-620.000,-1832.000,0.000,0.000,0.000,0.000,0.000,0.000,-60860.000,-620.000,-1832.000,0.000,0.000,0.000,0.000,0.000,0.000,0.000,0.000,0.000
frame,485.387235,9168,1,0,0,469.845477,0.000000,0,0,3,0,0,0,0.000,0.000,-60860.000,-620.000,-1832.000,-60860.000,-620.000,-1832.000,0.000,0.000,0.000,0.000,0.000,0.000,0.000,0.000,0.000,0.000,0.000,0.000,0.000,0.000,0.000,0.000,0.000,0.000
frame,485.430183,9169,1,0,0,469.884796,0.000000,0,0,3,0,0,0,0.000,0.000,-60860.001,-620.000,-1832.000,-60860.001,-620.000,-1832.000,0.000,0.000,0.000,0.000,0.000,0.000,0.000,0.000,0.000,0.000,0.000,0.000,0.000,0.000,0.000,0.000,0.000,0.000
frame,485.506028,9170,1,0,0,469.957919,0.000000,0,0,3,0,0,0,0.000,0.000,-60860.000,-620.000,-1832.000,-60860.000,-620.000,-1832.000,0.000,0.000,0.000,0.000,0.000,0.000,0.000,0.000,0.000,0.000,0.000,0.000,0.000,0.000,0.000,0.000,0.000,0.000
frame,485.549127,9171,1,0,0,470.005328,0.000000,0,0,3,0,0,0,0.000,0.000,-60860.000,-620.000,-1832.000,-60860.000,-620.000,-1832.000,0.000,0.000,0.000,0.000,0.000,0.000,0.000,0.000,0.000,0.000,0.000,0.000,0.000,0.000,0.000,0.000,0.000,0.000
sample_arrival,485.610280,9172,1,0,0,470.005328,470.399994,3491,0,3,0,0,0,0.000,0.000,-60860.000,-620.000,-1832.000,-60860.000,-620.000,-1832.000,0.000,0.000,0.000,0.000,0.000,0.000,-60860.000,-620.000,-1832.000,0.000,0.000,0.000,0.000,0.000,0.000,0.000,0.000,0.000
frame,485.610280,9172,1,0,0,470.072596,0.000000,0,0,3,0,0,0,0.000,0.000,-60860.000,-620.000,-1832.000,-60860.000,-620.000,-1832.000,0.000,0.000,0.000,0.000,0.000,0.000,0.000,0.000,0.000,0.000,0.000,0.000,0.000,0.000,0.000,0.000,0.000,0.000
frame,485.661685,9173,1,0,0,470.129141,0.000000,0,0,3,0,0,0,0.000,0.000,-60860.001,-620.000,-1832.000,-60860.001,-620.000,-1832.000,0.000,0.000,0.000,0.000,0.000,0.000,0.000,0.000,0.000,0.000,0.000,0.000,0.000,0.000,0.000,0.000,0.000,0.000
frame,485.724606,9174,1,0,0,470.198355,0.000000,0,0,3,0,0,0,0.000,0.000,-60860.000,-620.000,-1832.000,-60860.000,-620.000,-1832.000,0.000,0.000,0.000,0.000,0.000,0.000,0.000,0.000,0.000,0.000,0.000,0.000,0.000,0.000,0.000,0.000,0.000,0.000
frame,485.768116,9175,1,0,0,470.242567,0.000000,0,0,3,0,0,0,0.000,0.000,-60859.998,-620.000,-1832.000,-60859.998,-620.000,-1832.000,0.000,0.000,0.000,0.000,0.000,0.000,0.000,0.000,0.000,0.000,0.000,0.000,0.000,0.000,0.000,0.000,0.000,0.000
frame,485.832555,9176,1,0,0,470.300715,0.000000,0,0,3,0,0,0,0.000,0.000,-60860.000,-620.000,-1832.000,-60860.000,-620.000,-1832.000,0.000,0.000,0.000,0.000,0.000,0.000,0.000,0.000,0.000,0.000,0.000,0.000,0.000,0.000,0.000,0.000,0.000,0.000
frame,485.881829,9177,1,0,0,470.354917,0.000000,0,0,3,0,0,0,0.000,0.000,-60860.000,-620.000,-1832.000,-60860.000,-620.000,-1832.000,0.000,0.000,0.000,0.000,0.000,0.000,0.000,0.000,0.000,0.000,0.000,0.000,0.000,0.000,0.000,0.000,0.000,0.000
sample_arrival,485.969980,9178,1,0,0,470.354917,470.700012,3493,0,3,0,0,0,0.000,0.000,-60860.000,-620.000,-1832.000,-60860.000,-620.000,-1832.000,0.000,0.000,0.000,0.000,0.000,0.000,-60860.000,-620.000,-1832.000,0.000,0.000,0.000,0.000,0.000,0.000,0.000,0.000,0.000
frame,485.969980,9178,1,0,0,470.448605,0.000000,0,0,3,0,0,0,0.000,0.000,-60860.001,-620.000,-1832.000,-60860.001,-620.000,-1832.000,0.000,0.000,0.000,0.000,0.000,0.000,0.000,0.000,0.000,0.000,0.000,0.000,0.000,0.000,0.000,0.000,0.000,0.000
frame,486.013707,9179,1,0,0,470.487959,0.000000,0,0,3,0,0,0,0.000,0.000,-60860.000,-620.000,-1832.000,-60860.000,-620.000,-1832.000,0.000,0.000,0.000,0.000,0.000,0.000,0.000,0.000,0.000,0.000,0.000,0.000,0.000,0.000,0.000,0.000,0.000,0.000
frame,486.083513,9180,1,0,0,470.554080,0.000000,0,0,3,0,0,0,0.000,0.000,-60860.000,-620.000,-1832.000,-60860.000,-620.000,-1832.000,0.000,0.000,0.000,0.000,0.000,0.000,0.000,0.000,0.000,0.000,0.000,0.000,0.000,0.000,0.000,0.000,0.000,0.000
frame,486.120540,9181,1,0,0,470.587404,0.000000,0,0,3,0,0,0,0.000,0.000,-60860.000,-620.000,-1832.000,-60860.000,-620.000,-1832.000,0.000,0.000,0.000,0.000,0.000,0.000,0.000,0.000,0.000,0.000,0.000,0.000,0.000,0.000,0.000,0.000,0.000,0.000
sample_arrival,486.188348,9182,1,0,0,470.587404,470.899994,3495,0,3,0,0,0,0.000,0.000,-60860.000,-620.000,-1832.000,-60860.000,-620.000,-1832.000,0.000,0.000,0.000,0.000,0.000,0.000,-60860.000,-620.000,-1832.000,0.000,0.000,0.000,0.000,0.000,0.000,0.000,0.000,0.000
frame,486.188348,9182,1,0,0,470.651383,0.000000,0,0,3,0,0,0,0.000,0.000,-60860.000,-620.000,-1832.000,-60860.000,-620.000,-1832.000,0.000,0.000,0.000,0.000,0.000,0.000,0.000,0.000,0.000,0.000,0.000,0.000,0.000,0.000,0.000,0.000,0.000,0.000
frame,486.225781,9183,1,0,0,470.685149,0.000000,0,0,3,0,0,0,0.000,0.000,-60860.000,-620.000,-1832.000,-60860.000,-620.000,-1832.000,0.000,0.000,0.000,0.000,0.000,0.000,0.000,0.000,0.000,0.000,0.000,0.000,0.000,0.000,0.000,0.000,0.000,0.000
frame,486.296117,9184,1,0,0,470.752734,0.000000,0,0,3,0,0,0,0.000,0.000,-60860.002,-620.000,-1832.000,-60860.002,-620.000,-1832.000,0.000,0.000,0.000,0.000,0.000,0.000,0.000,0.000,0.000,0.000,0.000,0.000,0.000,0.000,0.000,0.000,0.000,0.000
frame,486.338924,9185,1,0,0,470.799821,0.000000,0,0,3,0,0,0,0.000,0.000,-60860.000,-620.000,-1832.000,-60860.000,-620.000,-1832.000,0.000,0.000,0.000,0.000,0.000,0.000,0.000,0.000,0.000,0.000,0.000,0.000,0.000,0.000,0.000,0.000,0.000,0.000
sample_arrival,486.401025,9186,1,0,0,470.799821,471.200012,3497,0,3,0,0,0,0.000,0.000,-60860.000,-620.000,-1832.000,-60860.000,-620.000,-1832.000,0.000,0.000,0.000,0.000,0.000,0.000,-60860.000,-620.000,-1832.000,0.000,0.000,0.000,0.000,0.000,0.000,0.000,0.000,0.000
frame,486.401025,9186,1,0,0,470.868133,0.000000,0,0,3,0,0,0,0.000,0.000,-60860.000,-620.000,-1832.000,-60860.000,-620.000,-1832.000,0.000,0.000,0.000,0.000,0.000,0.000,0.000,0.000,0.000,0.000,0.000,0.000,0.000,0.000,0.000,0.000,0.000,0.000
frame,486.460899,9187,1,0,0,470.933994,0.000000,0,0,3,0,0,0,0.000,0.000,-60860.002,-620.000,-1832.000,-60860.002,-620.000,-1832.000,0.000,0.000,0.000,0.000,0.000,0.000,0.000,0.000,0.000,0.000,0.000,0.000,0.000,0.000,0.000,0.000,0.000,0.000
frame,486.524263,9188,1,0,0,471.003695,0.000000,0,0,3,0,0,0,0.000,0.000,-60860.000,-620.000,-1832.000,-60860.000,-620.000,-1832.000,0.000,0.000,0.000,0.000,0.000,0.000,0.000,0.000,0.000,0.000,0.000,0.000,0.000,0.000,0.000,0.000,0.000,0.000
frame,486.569921,9189,1,0,0,471.049167,0.000000,0,0,3,0,0,0,0.000,0.000,-60859.998,-620.000,-1832.000,-60859.998,-620.000,-1832.000,0.000,0.000,0.000,0.000,0.000,0.000,0.000,0.000,0.000,0.000,0.000,0.000,0.000,0.000,0.000,0.000,0.000,0.000
frame,486.633738,9190,1,0,0,471.106602,0.000000,0,0,3,0,0,0,0.000,0.000,-60860.000,-620.000,-1832.000,-60860.000,-620.000,-1832.000,0.000,0.000,0.000,0.000,0.000,0.000,0.000,0.000,0.000,0.000,0.000,0.000,0.000,0.000,0.000,0.000,0.000,0.000
frame,486.697552,9191,1,0,0,471.170633,0.000000,0,0,3,0,0,0,0.000,0.000,-60860.000,-620.000,-1832.000,-60860.000,-620.000,-1832.000,0.000,0.000,0.000,0.000,0.000,0.000,0.000,0.000,0.000,0.000,0.000,0.000,0.000,0.000,0.000,0.000,0.000,0.000
sample_arrival,486.762292,9192,1,0,0,471.170633,471.500000,3499,0,3,0,0,0,0.000,0.000,-60860.000,-620.000,-1832.000,-60860.000,-620.000,-1832.000,0.000,0.000,0.000,0.000,0.000,0.000,-60860.000,-620.000,-1832.000,0.000,0.000,0.000,0.000,0.000,0.000,0.000,0.000,0.000
frame,486.762292,9192,1,0,0,471.236251,0.000000,0,0,3,0,0,0,0.000,0.000,-60860.002,-620.000,-1832.000,-60860.002,-620.000,-1832.000,0.000,0.000,0.000,0.000,0.000,0.000,0.000,0.000,0.000,0.000,0.000,0.000,0.000,0.000,0.000,0.000,0.000,0.000
frame,486.801034,9193,1,0,0,471.275652,0.000000,0,0,3,0,0,0,0.000,0.000,-60860.001,-620.000,-1832.000,-60860.001,-620.000,-1832.000,0.000,0.000,0.000,0.000,0.000,0.000,0.000,0.000,0.000,0.000,0.000,0.000,0.000,0.000,0.000,0.000,0.000,0.000
frame,486.871190,9194,1,0,0,471.352824,0.000000,0,0,3,0,0,0,0.000,0.000,-60860.000,-620.000,-1832.000,-60860.000,-620.000,-1832.000,0.000,0.000,0.000,0.000,0.000,0.000,0.000,0.000,0.000,0.000,0.000,0.000,0.000,0.000,0.000,0.000,0.000,0.000
frame,486.910811,9195,1,0,0,471.396407,0.000000,0,0,3,0,0,0,0.000,0.000,-60860.000,-620.000,-1832.000,-60860.000,-620.000,-1832.000,0.000,0.000,0.000,0.000,0.000,0.000,0.000,0.000,0.000,0.000,0.000,0.000,0.000,0.000,0.000,0.000,0.000,0.000
frame,486.977490,9196,1,0,0,471.468499,0.000000,0,0,3,0,0,0,0.000,0.000,-60860.000,-620.000,-1832.000,-60860.000,-620.000,-1832.000,0.000,0.000,0.000,0.000,0.000,0.000,0.000,0.000,0.000,0.000,0.000,0.000,0.000,0.000,0.000,0.000,0.000,0.000
frame,487.018961,9197,1,0,0,471.505823,0.000000,0,0,3,0,0,0,0.000,0.000,-60860.000,-620.000,-1832.000,-60860.000,-620.000,-1832.000,0.000,0.000,0.000,0.000,0.000,0.000,0.000,0.000,0.000,0.000,0.000,0.000,0.000,0.000,0.000,0.000,0.000,0.000
sample_arrival,487.093028,9198,1,0,0,471.505823,471.800018,3501,0,3,0,0,0,0.000,0.000,-60860.000,-620.000,-1832.000,-60860.000,-620.000,-1832.000,0.000,0.000,0.000,0.000,0.000,0.000,-60860.000,-620.000,-1832.000,0.000,0.000,0.000,0.000,0.000,0.000,0.000,0.000,0.000
frame,487.093028,9198,1,0,0,471.572483,0.000000,0,0,3,0,0,0,0.000,0.000,-60859.999,-620.000,-1832.000,-60859.999,-620.000,-1832.000,0.000,0.000,0.000,0.000,0.000,0.000,0.000,0.000,0.000,0.000,0.000,0.000,0.000,0.000,0.000,0.000,0.000,0.000
frame,487.132084,9199,1,0,0,471.607634,0.000000,0,0,3,0,0,0,0.000,0.000,-60860.002,-620.000,-1832.000,-60860.002,-620.000,-1832.000,0.000,0.000,0.000,0.000,0.000,0.000,0.000,0.000,0.000,0.000,0.000,0.000,0.000,0.000,0.000,0.000,0.000,0.000
frame,487.197213,9200,1,0,0,471.666250,0.000000,0,0,3,0,0,0,0.000,0.000,-60860.000,-620.000,-1832.000,-60860.000,-620.000,-1832.000,0.000,0.000,0.000,0.000,0.000,0.000,0.000,0.000,0.000,0.000,0.000,0.000,0.000,0.000,0.000,0.000,0.000,0.000
frame,487.239275,9201,1,0,0,471.704105,0.000000,0,0,3,0,0,0,0.000,0.000,-60860.000,-620.000,-1832.000,-60860.000,-620.000,-1832.000,0.000,0.000,0.000,0.000,0.000,0.000,0.000,0.000,0.000,0.000,0.000,0.000,0.000,0.000,0.000,0.000,0.000,0.000
frame,487.309461,9202,1,0,0,471.767607,0.000000,0,0,3,0,0,0,0.000,0.000,-60860.000,-620.000,-1832.000,-60860.000,-620.000,-1832.000,0.000,0.000,0.000,0.000,0.000,0.000,0.000,0.000,0.000,0.000,0.000,0.000,0.000,0.000,0.000,0.000,0.000,0.000
sample_arrival,487.351763,9203,1,0,1203,471.767607,472.100006,3503,0,3,0,0,0,0.000,0.000,-60860.000,-620.000,-1832.000,-60860.000,-620.000,-1832.000,0.000,0.000,0.000,0.000,0.000,0.000,-60860.000,-620.000,-1832.000,0.000,0.000,0.000,0.000,0.000,0.000,0.000,0.000,0.000
frame,487.351763,9203,1,0,0,471.811445,0.000000,0,0,3,0,0,0,0.000,0.000,-60859.999,-620.000,-1832.000,-60859.999,-620.000,-1832.000,0.000,0.000,0.000,0.000,0.000,0.000,0.000,0.000,0.000,0.000,0.000,0.000,0.000,0.000,0.000,0.000,0.000,0.000
frame,487.414905,9204,1,0,0,471.875738,0.000000,0,0,3,0,0,0,0.000,0.000,-60860.002,-620.000,-1832.000,-60860.002,-620.000,-1832.000,0.000,0.000,0.000,0.000,0.000,0.000,0.000,0.000,0.000,0.000,0.000,0.000,0.000,0.000,0.000,0.000,0.000,0.000
frame,487.464128,9205,1,0,0,471.929883,0.000000,0,0,3,0,0,0,0.000,0.000,-60860.000,-620.000,-1832.000,-60860.000,-620.000,-1832.000,0.000,0.000,0.000,0.000,0.000,0.000,0.000,0.000,0.000,0.000,0.000,0.000,0.000,0.000,0.000,0.000,0.000,0.000
frame,487.525177,9206,1,0,0,471.997037,0.000000,0,0,3,0,0,0,0.000,0.000,-60860.000,-620.000,-1832.000,-60860.000,-620.000,-1832.000,0.000,0.000,0.000,0.000,0.000,0.000,0.000,0.000,0.000,0.000,0.000,0.000,0.000,0.000,0.000,0.000,0.000,0.000
frame,487.569940,9207,1,0,0,472.046276,0.000000,0,0,3,0,0,0,0.000,0.000,-60860.000,-620.000,-1832.000,-60860.000,-620.000,-1832.000,0.000,0.000,0.000,0.000,0.000,0.000,0.000,0.000,0.000,0.000,0.000,0.000,0.000,0.000,0.000,0.000,0.000,0.000
frame,487.633135,9208,1,0,0,472.110068,0.000000,0,0,3,0,0,0,0.000,0.000,-60860.000,-620.000,-1832.000,-60860.000,-620.000,-1832.000,0.000,0.000,0.000,0.000,0.000,0.000,0.000,0.000,0.000,0.000,0.000,0.000,0.000,0.000,0.000,0.000,0.000,0.000
sample_arrival,487.686381,9209,1,0,1203,472.110068,472.399994,3505,0,3,0,0,0,0.000,0.000,-60860.000,-620.000,-1832.000,-60860.000,-620.000,-1832.000,0.000,0.000,0.000,0.000,0.000,0.000,-60860.000,-620.000,-1832.000,-200.000,300.000,0.000,0.000,0.000,0.000,0.000,0.000,0.000
frame,487.686381,9209,1,0,0,472.157990,0.000000,0,0,3,0,0,0,0.000,0.000,-60858.192,-622.712,-1832.000,-60858.192,-622.712,-1832.000,0.000,0.000,0.000,0.000,0.000,0.000,0.000,0.000,0.000,0.000,0.000,0.000,0.000,0.000,0.000,0.000,0.000,0.000
frame,487.748186,9210,1,0,0,472.213614,0.000000,0,0,3,0,0,0,0.000,0.000,-60854.656,-628.019,-1832.000,-60854.656,-628.019,-1832.000,0.000,0.000,0.000,0.000,0.000,0.000,0.000,0.000,0.000,0.000,0.000,0.000,0.000,0.000,0.000,0.000,0.000,0.000
frame,487.792058,9211,1,0,0,472.258258,0.000000,0,0,3,0,0,0,0.000,0.000,-60852.111,-631.833,-1832.000,-60852.111,-631.833,-1832.000,0.000,0.000,0.000,0.000,0.000,0.000,0.000,0.000,0.000,0.000,0.000,0.000,0.000,0.000,0.000,0.000,0.000,0.000
frame,487.854671,9212,1,0,0,472.324744,0.000000,0,0,3,0,0,0,0.000,0.000,-60851.553,-632.670,-1832.000,-60851.553,-632.670,-1832.000,0.000,0.000,0.000,0.000,0.000,0.000,0.000,0.000,0.000,0.000,0.000,0.000,0.000,0.000,0.000,0.000,0.000,0.000
frame,487.901939,9213,1,0,0,472.374916,0.000000,0,0,3,0,0,0,0.000,0.000,-60855.788,-626.318,-1832.000,-60855.788,-626.318,-1832.000,0.000,0.000,0.000,0.000,0.000,0.000,0.000,0.000,0.000,0.000,0.000,0.000,0.000,0.000,0.000,0.000,0.000,0.000
frame,487.965100,9214,1,0,0,472.444393,0.000000,0,0,3,0,0,0,0.000,0.000,-60868.880,-606.680,-1832.000,-60868.880,-606.680,-1832.000,0.000,0.000,0.000,0.000,0.000,0.000,0.000,0.000,0.000,0.000,0.000,0.000,0.000,0.000,0.000,0.000,0.000,0.000
sample_arrival,488.009920,9215,1,0,1203,472.444393,472.800018,3507,0,3,0,0,0,0.000,0.000,-60868.880,-606.680,-1832.000,-60868.880,-606.680,-1832.000,0.000,0.000,0.000,0.000,0.000,0.000,-60900.000,-620.000,-1832.000,-240.000,140.000,0.000,0.000,0.000,0.000,0.000,0.000,0.000
frame,488.009920,9215,1,0,0,472.493695,0.000000,0,0,3,0,0,0,0.000,0.000,-60872.512,-605.869,-1832.000,-60872.512,-605.869,-1832.000,0.000,0.000,0.000,0.000,0.000,0.000,0.000,0.000,0.000,0.000,0.000,0.000,0.000,0.000,0.000,0.000,0.000,0.000
frame,488.084479,9216,1,0,0,472.575710,0.000000,0,0,3,0,0,0,0.000,0.000,-60877.036,-609.484,-1832.000,-60877.036,-609.484,-1832.000,0.000,0.000,0.000,0.000,0.000,0.000,0.000,0.000,0.000,0.000,0.000,0.000,0.000,0.000,0.000,0.000,0.000,0.000
frame,488.124533,9217,1,0,0,472.611759,0.000000,0,0,3,0,0,0,0.000,0.000,-60878.479,-613.315,-1832.000,-60878.479,-613.315,-1832.000,0.000,0.000,0.000,0.000,0.000,0.000,0.000,0.000,0.000,0.000,0.000,0.000,0.000,0.000,0.000,0.000,0.000,0.000
frame,488.193012,9218,1,0,0,472.673390,0.000000,0,0,3,0,0,0,0.000,0.000,-60881.797,-620.062,-1832.000,-60881.797,-620.062,-1832.000,0.000,0.000,0.000,0.000,0.000,0.000,0.000,0.000,0.000,0.000,0.000,0.000,0.000,0.000,0.000,0.000,0.000,0.000
frame,488.233699,9219,1,0,0,472.710008,0.000000,0,0,3,0,0,0,0.000,0.000,-60885.000,-622.860,-1832.000,-60885.000,-622.860,-1832.000,0.000,0.000,0.000,0.000,0.000,0.000,0.000,0.000,0.000,0.000,0.000,0.000,0.000,0.000,0.000,0.000,0.000,0.000
sample_arrival,488.305164,9220,1,0,1203,472.710008,473.000000,3509,0,3,0,0,0,0.000,0.000,-60885.000,-622.860,-1832.000,-60885.000,-622.860,-1832.000,0.000,0.000,0.000,0.000,0.000,0.000,-60900.000,-620.000,-1832.000,-140.000,160.000,0.000,0.000,0.000,0.000,0.000,0.000,0.000
frame,488.305164,9220,1,0,0,472.774327,0.000000,0,0,3,0,0,0,0.000,0.000,-60894.436,-622.686,-1832.000,-60894.436,-622.686,-1832.000,0.000,0.000,0.000,0.000,0.000,0.000,0.000,0.000,0.000,0.000,0.000,0.000,0.000,0.000,0.000,0.000,0.000,0.000
frame,488.349060,9221,1,0,0,472.822612,0.000000,0,0,3,0,0,0,0.000,0.000,-60903.950,-617.873,-1832.000,-60903.950,-617.873,-1832.000,0.000,0.000,0.000,0.000,0.000,0.000,0.000,0.000,0.000,0.000,0.000,0.000,0.000,0.000,0.000,0.000,0.000,0.000
frame,488.416868,9222,1,0,0,472.897201,0.000000,0,0,3,0,0,0,0.000,0.000,-60902.764,-620.289,-1832.000,-60902.764,-620.289,-1832.000,0.000,0.000,0.000,0.000,0.000,0.000,0.000,0.000,0.000,0.000,0.000,0.000,0.000,0.000,0.000,0.000,0.000,0.000
frame,488.467801,9223,1,0,0,472.953227,0.000000,0,0,3,0,0,0,0.000,0.000,-60898.168,-623.219,-1832.000,-60898.168,-623.219,-1832.000,0.000,0.000,0.000,0.000,0.000,0.000,0.000,0.000,0.000,0.000,0.000,0.000,0.000,0.000,0.000,0.000,0.000,0.000
sample_arrival,488.533588,9224,1,0,1203,472.953227,473.300018,3511,0,3,0,0,0,0.000,0.000,-60898.168,-623.219,-1832.000,-60898.168,-623.219,-1832.000,0.000,0.000,0.000,0.000,0.000,0.000,-60900.000,-620.000,-1832.000,-240.000,100.000,0.000,0.000,0.000,0.000,0.000,0.000,0.000
frame,488.533588,9224,1,0,0,473.025593,0.000000,0,0,3,0,0,0,0.000,0.000,-60902.519,-616.774,-1832.000,-60902.519,-616.774,-1832.000,0.000,0.000,0.000,0.000,0.000,0.000,0.000,0.000,0.000,0.000,0.000,0.000,0.000,0.000,0.000,0.000,0.000,0.000
frame,488.585413,9225,1,0,0,473.082600,0.000000,0,0,3,0,0,0,0.000,0.000,-60902.120,-614.707,-1832.000,-60902.120,-614.707,-1832.000,0.000,0.000,0.000,0.000,0.000,0.000,0.000,0.000,0.000,0.000,0.000,0.000,0.000,0.000,0.000,0.000,0.000,0.000
frame,488.652476,9226,1,0,0,473.142957,0.000000,0,0,3,0,0,0,0.000,0.000,-60896.927,-617.297,-1832.000,-60896.927,-617.297,-1832.000,0.000,0.000,0.000,0.000,0.000,0.000,0.000,0.000,0.000,0.000,0.000,0.000,0.000,0.000,0.000,0.000,0.000,0.000
frame,488.700764,9227,1,0,0,473.186416,0.000000,0,0,3,0,0,0,0.000,0.000,-60893.216,-620.109,-1832.000,-60893.216,-620.109,-1832.000,0.000,0.000,0.000,0.000,0.000,0.000,0.000,0.000,0.000,0.000,0.000,0.000,0.000,0.000,0.000,0.000,0.000,0.000
frame,488.777870,9228,1,0,0,473.255812,0.000000,0,0,3,0,0,0,0.000,0.000,-60893.064,-622.325,-1832.000,-60893.064,-622.325,-1832.000,0.000,0.000,0.000,0.000,0.000,0.000,0.000,0.000,0.000,0.000,0.000,0.000,0.000,0.000,0.000,0.000,0.000,0.000
frame,488.823992,9229,1,0,0,473.297321,0.000000,0,0,3,0,0,0,0.000,0.000,-60899.368,-620.261,-1832.000,-60899.368,-620.261,-1832.000,0.000,0.000,0.000,0.000,0.000,0.000,0.000,0.000,0.000,0.000,0.000,0.000,0.000,0.000,0.000,0.000,0.000,0.000
sample_arrival,488.904260,9230,1,0,1203,473.297321,473.600006,3513,0,3,0,0,0,0.000,0.000,-60899.368,-620.261,-1832.000,-60899.368,-620.261,-1832.000,0.000,0.000,0.000,0.000,0.000,0.000,-60860.000,-620.000,-1832.000,0.000,720.000,0.000,0.000,0.000,0.000,0.000,0.000,0.000
frame,488.904260,9230,1,0,0,473.369563,0.000000,0,0,3,0,0,0,0.000,0.000,-60904.398,-624.813,-1832.000,-60904.398,-624.813,-1832.000,0.000,0.000,0.000,0.000,0.000,0.000,0.000,0.000,0.000,0.000,0.000,0.000,0.000,0.000,0.000,0.000,0.000,0.000
frame,488.961330,9231,1,0,0,473.427585,0.000000,0,0,3,0,0,0,0.000,0.000,-60894.566,-638.234,-1832.000,-60894.566,-638.234,-1832.000,0.000,0.000,0.000,0.000,0.000,0.000,0.000,0.000,0.000,0.000,0.000,0.000,0.000,0.000,0.000,0.000,0.000,0.000
frame,489.030889,9232,1,0,0,473.504100,0.000000,0,0,3,0,0,0,0.000,0.000,-60874.657,-649.872,-1832.000,-60874.657,-649.872,-1832.000,0.000,0.000,0.000,0.000,0.000,0.000,0.000,0.000,0.000,0.000,0.000,0.000,0.000,0.000,0.000,0.000,0.000,0.000
frame,489.081148,9233,1,0,0,473.559384,0.000000,0,0,3,0,0,0,0.000,0.000,-60863.143,-641.388,-1832.000,-60863.143,-641.388,-1832.000,0.000,0.000,0.000,0.000,0.000,0.000,0.000,0.000,0.000,0.000,0.000,0.000,0.000,0.000,0.000,0.000,0.000,0.000
sample_arrival,489.149150,9234,1,0,1203,473.559384,473.899994,3515,0,3,0,0,0,0.000,0.000,-60863.143,-641.388,-1832.000,-60863.143,-641.388,-1832.000,0.000,0.000,0.000,0.000,0.000,0.000,-60760.000,-500.000,-1832.000,0.000,720.000,0.000,0.000,0.000,0.000,0.000,0.000,0.000
frame,489.149150,9234,1,0,0,473.632906,0.000000,0,0,3,0,0,0,0.000,0.000,-60856.655,-599.522,-1832.000,-60856.655,-599.522,-1832.000,0.000,0.000,0.000,0.000,0.000,0.000,0.000,0.000,0.000,0.000,0.000,0.000,0.000,0.000,0.000,0.000,0.000,0.000
frame,489.199512,9235,1,0,0,473.680665,0.000000,0,0,3,0,0,0,0.000,0.000,-60842.199,-579.012,-1832.000,-60842.199,-579.012,-1832.000,0.000,0.000,0.000,0.000,0.000,0.000,0.000,0.000,0.000,0.000,0.000,0.000,0.000,0.000,0.000,0.000,0.000,0.000
frame,489.274674,9236,1,0,0,473.753875,0.000000,0,0,3,0,0,0,0.000,0.000,-60808.063,-559.070,-1832.000,-60808.063,-559.070,-1832.000,0.000,0.000,0.000,0.000,0.000,0.000,0.000,0.000,0.000,0.000,0.000,0.000,0.000,0.000,0.000,0.000,0.000,0.000
frame,489.321661,9237,1,0,0,473.796163,0.000000,0,0,3,0,0,0,0.000,0.000,-60787.646,-548.220,-1832.000,-60787.646,-548.220,-1832.000,0.000,0.000,0.000,0.000,0.000,0.000,0.000,0.000,0.000,0.000,0.000,0.000,0.000,0.000,0.000,0.000,0.000,0.000
sample_arrival,489.397004,9238,1,0,1203,473.796163,474.100006,3517,0,3,0,0,0,0.000,0.000,-60787.646,-548.220,-1832.000,-60787.646,-548.220,-1832.000,0.000,0.000,0.000,0.000,0.000,0.000,-60760.000,-340.000,-1832.000,0.000,720.000,0.000,0.000,0.000,0.000,0.000,0.000,0.000
hard_snap,489.397004,9238,1,0,1203,473.796163,474.100006,3517,0,3,0,0,0,0.000,0.000,-60787.646,-548.220,-1832.000,-60787.646,-548.220,-1832.000,0.000,0.000,0.000,0.000,0.000,0.000,-60760.000,-340.000,-1832.000,0.000,720.000,0.000,0.000,0.000,0.000,0.000,0.000,0.000
frame,489.397004,9238,1,0,0,473.865014,0.000000,0,0,3,0,0,0,0.000,0.000,-60760.000,-340.000,-1832.000,-60760.000,-340.000,-1832.000,0.000,0.000,0.000,0.000,0.000,0.000,0.000,0.000,0.000,0.000,0.000,0.000,0.000,0.000,0.000,0.000,0.000,0.000
frame,489.461013,9239,1,0,0,473.935425,0.000000,0,0,3,0,0,0,0.000,0.000,-60760.000,-340.000,-1832.000,-60760.000,-340.000,-1832.000,0.000,0.000,0.000,0.000,0.000,0.000,0.000,0.000,0.000,0.000,0.000,0.000,0.000,0.000,0.000,0.000,0.000,0.000
frame,489.536235,9240,1,0,0,474.018169,0.000000,0,0,3,0,0,0,0.000,0.000,-60760.000,-340.000,-1832.000,-60760.000,-340.000,-1832.000,0.000,0.000,0.000,0.000,0.000,0.000,0.000,0.000,0.000,0.000,0.000,0.000,0.000,0.000,0.000,0.000,0.000,0.000
frame,489.585690,9241,1,0,0,474.072569,0.000000,0,0,3,0,0,0,0.000,0.000,-60760.000,-340.000,-1832.000,-60760.000,-340.000,-1832.000,0.000,0.000,0.000,0.000,0.000,0.000,0.000,0.000,0.000,0.000,0.000,0.000,0.000,0.000,0.000,0.000,0.000,0.000
sample_arrival,489.655272,9242,1,0,1203,474.072569,474.399994,3519,0,3,0,0,0,0.000,0.000,-60760.000,-340.000,-1832.000,-60760.000,-340.000,-1832.000,0.000,0.000,0.000,0.000,0.000,0.000,-60760.000,-140.000,-1832.000,0.000,720.000,0.000,0.000,0.000,0.000,0.000,0.000,0.000
frame,489.655272,9242,1,0,0,474.144107,0.000000,0,0,3,0,0,0,0.000,0.000,-60760.001,-309.182,-1832.000,-60760.001,-309.182,-1832.000,0.000,0.000,0.000,0.000,0.000,0.000,0.000,0.000,0.000,0.000,0.000,0.000,0.000,0.000,0.000,0.000,0.000,0.000
frame,489.706388,9243,1,0,0,474.190237,0.000000,0,0,3,0,0,0,0.000,0.000,-60759.998,-278.504,-1832.000,-60759.998,-278.504,-1832.000,0.000,0.000,0.000,0.000,0.000,0.000,0.000,0.000,0.000,0.000,0.000,0.000,0.000,0.000,0.000,0.000,0.000,0.000
frame,489.780479,9244,1,0,0,474.260588,0.000000,0,0,3,0,0,0,0.000,0.000,-60760.000,-233.222,-1832.000,-60760.000,-233.222,-1832.000,0.000,0.000,0.000,0.000,0.000,0.000,0.000,0.000,0.000,0.000,0.000,0.000,0.000,0.000,0.000,0.000,0.000,0.000
frame,489.827739,9245,1,0,0,474.303122,0.000000,0,0,3,0,0,0,0.000,0.000,-60760.000,-205.822,-1832.000,-60760.000,-205.822,-1832.000,0.000,0.000,0.000,0.000,0.000,0.000,0.000,0.000,0.000,0.000,0.000,0.000,0.000,0.000,0.000,0.000,0.000,0.000
sample_arrival,489.907020,9246,1,0,1203,474.303122,474.600006,3521,0,3,0,0,0,0.000,0.000,-60760.000,-205.822,-1832.000,-60760.000,-205.822,-1832.000,0.000,0.000,0.000,0.000,0.000,0.000,-60760.000,20.000,-1832.000,0.000,720.000,0.000,0.000,0.000,0.000,0.000,0.000,0.000
hard_snap,489.907020,9246,1,0,1203,474.303122,474.600006,3521,0,3,0,0,0,0.000,0.000,-60760.000,-205.822,-1832.000,-60760.000,-205.822,-1832.000,0.000,0.000,0.000,0.000,0.000,0.000,-60760.000,20.000,-1832.000,0.000,720.000,0.000,0.000,0.000,0.000,0.000,0.000,0.000
frame,489.907020,9246,1,0,0,474.372882,0.000000,0,0,3,0,0,0,0.000,0.000,-60760.000,20.000,-1832.000,-60760.000,20.000,-1832.000,0.000,0.000,0.000,0.000,0.000,0.000,0.000,0.000,0.000,0.000,0.000,0.000,0.000,0.000,0.000,0.000,0.000,0.000
frame,489.959889,9247,1,0,0,474.421172,0.000000,0,0,3,0,0,0,0.000,0.000,-60760.000,20.000,-1832.000,-60760.000,20.000,-1832.000,0.000,0.000,0.000,0.000,0.000,0.000,0.000,0.000,0.000,0.000,0.000,0.000,0.000,0.000,0.000,0.000,0.000,0.000
frame,490.028448,9248,1,0,0,474.486122,0.000000,0,0,3,0,0,0,0.000,0.000,-60760.000,20.000,-1832.000,-60760.000,20.000,-1832.000,0.000,0.000,0.000,0.000,0.000,0.000,0.000,0.000,0.000,0.000,0.000,0.000,0.000,0.000,0.000,0.000,0.000,0.000
frame,490.080962,9249,1,0,0,474.543887,0.000000,0,0,3,0,0,0,0.000,0.000,-60760.000,20.000,-1832.000,-60760.000,20.000,-1832.000,0.000,0.000,0.000,0.000,0.000,0.000,0.000,0.000,0.000,0.000,0.000,0.000,0.000,0.000,0.000,0.000,0.000,0.000
sample_arrival,490.146683,9250,1,0,1203,474.543887,474.899994,3523,0,3,0,0,0,0.000,0.000,-60760.000,20.000,-1832.000,-60760.000,20.000,-1832.000,0.000,0.000,0.000,0.000,0.000,0.000,-60760.000,220.000,-1832.000,0.000,720.000,0.000,0.000,0.000,0.000,0.000,0.000,0.000
frame,490.146683,9250,1,0,0,474.616181,0.000000,0,0,3,0,0,0,0.000,0.000,-60760.002,31.511,-1832.000,-60760.002,31.511,-1832.000,0.000,0.000,0.000,0.000,0.000,0.000,0.000,0.000,0.000,0.000,0.000,0.000,0.000,0.000,0.000,0.000,0.000,0.000
frame,490.216616,9251,1,0,0,474.693107,0.000000,0,0,3,0,0,0,0.000,0.000,-60760.000,83.368,-1832.000,-60760.000,83.368,-1832.000,0.000,0.000,0.000,0.000,0.000,0.000,0.000,0.000,0.000,0.000,0.000,0.000,0.000,0.000,0.000,0.000,0.000,0.000
frame,490.302572,9252,1,0,0,474.779976,0.000000,0,0,3,0,0,0,0.000,0.000,-60760.000,139.218,-1832.000,-60760.000,139.218,-1832.000,0.000,0.000,0.000,0.000,0.000,0.000,0.000,0.000,0.000,0.000,0.000,0.000,0.000,0.000,0.000,0.000,0.000,0.000
frame,490.353278,9253,1,0,0,474.829594,0.000000,0,0,3,0,0,0,0.000,0.000,-60760.000,171.541,-1832.000,-60760.000,171.541,-1832.000,0.000,0.000,0.000,0.000,0.000,0.000,0.000,0.000,0.000,0.000,0.000,0.000,0.000,0.000,0.000,0.000,0.000,0.000
frame,490.427618,9254,1,0,0,474.903119,0.000000,0,0,3,0,0,0,0.000,0.000,-60760.000,222.250,-1832.000,-60760.000,222.250,-1832.000,0.000,0.000,0.000,0.000,0.000,0.000,0.000,0.000,0.000,0.000,0.000,0.000,0.000,0.000,0.000,0.000,0.000,0.000
frame,490.486593,9255,1,0,0,474.965479,0.000000,0,0,3,0,0,0,0.000,0.000,-60760.000,267.149,-1832.000,-60760.000,267.149,-1832.000,0.000,0.000,0.000,0.000,0.000,0.000,0.000,0.000,0.000,0.000,0.000,0.000,0.000,0.000,0.000,0.000,0.000,0.000
sample_arrival,490.564993,9256,1,0,1203,474.965479,475.300018,3525,0,3,0,0,0,0.000,0.000,-60760.000,267.149,-1832.000,-60760.000,267.149,-1832.000,0.000,0.000,0.000,0.000,0.000,0.000,-60760.000,520.000,-1832.000,0.000,720.000,0.000,0.000,0.000,0.000,0.000,0.000,0.000
hard_snap,490.564993,9256,1,0,1203,474.965479,475.300018,3525,0,3,0,0,0,0.000,0.000,-60760.000,267.149,-1832.000,-60760.000,267.149,-1832.000,0.000,0.000,0.000,0.000,0.000,0.000,-60760.000,520.000,-1832.000,0.000,720.000,0.000,0.000,0.000,0.000,0.000,0.000,0.000
frame,490.564993,9256,1,0,0,475.046418,0.000000,0,0,3,0,0,0,0.000,0.000,-60760.000,520.000,-1832.000,-60760.000,520.000,-1832.000,0.000,0.000,0.000,0.000,0.000,0.000,0.000,0.000,0.000,0.000,0.000,0.000,0.000,0.000,0.000,0.000,0.000,0.000
frame,490.621479,9257,1,0,0,475.097256,0.000000,0,0,3,0,0,0,0.000,0.000,-60760.000,520.000,-1832.000,-60760.000,520.000,-1832.000,0.000,0.000,0.000,0.000,0.000,0.000,0.000,0.000,0.000,0.000,0.000,0.000,0.000,0.000,0.000,0.000,0.000,0.000
frame,490.705659,9258,1,0,0,475.175144,0.000000,0,0,3,0,0,0,0.000,0.000,-60760.000,520.000,-1832.000,-60760.000,520.000,-1832.000,0.000,0.000,0.000,0.000,0.000,0.000,0.000,0.000,0.000,0.000,0.000,0.000,0.000,0.000,0.000,0.000,0.000,0.000
frame,490.760153,9259,1,0,0,475.235087,0.000000,0,0,3,0,0,0,0.000,0.000,-60760.000,520.000,-1832.000,-60760.000,520.000,-1832.000,0.000,0.000,0.000,0.000,0.000,0.000,0.000,0.000,0.000,0.000,0.000,0.000,0.000,0.000,0.000,0.000,0.000,0.000
sample_arrival,490.833323,9260,1,0,1203,475.235087,475.600006,3527,0,3,0,0,0,0.000,0.000,-60760.000,520.000,-1832.000,-60760.000,520.000,-1832.000,0.000,0.000,0.000,0.000,0.000,0.000,-60740.000,740.000,-1832.000,0.000,720.000,0.000,0.000,0.000,0.000,0.000,0.000,0.000
hard_snap,490.833323,9260,1,0,1203,475.235087,475.600006,3527,0,3,0,0,0,0.000,0.000,-60760.000,520.000,-1832.000,-60760.000,520.000,-1832.000,0.000,0.000,0.000,0.000,0.000,0.000,-60740.000,740.000,-1832.000,0.000,720.000,0.000,0.000,0.000,0.000,0.000,0.000,0.000
frame,490.833323,9260,1,0,0,475.322927,0.000000,0,0,3,0,0,0,0.000,0.000,-60740.000,740.000,-1832.000,-60740.000,740.000,-1832.000,0.000,0.000,0.000,0.000,0.000,0.000,0.000,0.000,0.000,0.000,0.000,0.000,0.000,0.000,0.000,0.000,0.000,0.000
frame,490.889124,9261,1,0,0,475.377954,0.000000,0,0,3,0,0,0,0.000,0.000,-60740.000,740.000,-1832.000,-60740.000,740.000,-1832.000,0.000,0.000,0.000,0.000,0.000,0.000,0.000,0.000,0.000,0.000,0.000,0.000,0.000,0.000,0.000,0.000,0.000,0.000
frame,490.958372,9262,1,0,0,475.446621,0.000000,0,0,3,0,0,0,0.000,0.000,-60740.000,740.000,-1832.000,-60740.000,740.000,-1832.000,0.000,0.000,0.000,0.000,0.000,0.000,0.000,0.000,0.000,0.000,0.000,0.000,0.000,0.000,0.000,0.000,0.000,0.000
frame,491.008226,9263,1,0,0,475.491490,0.000000,0,0,3,0,0,0,0.000,0.000,-60740.000,740.000,-1832.000,-60740.000,740.000,-1832.000,0.000,0.000,0.000,0.000,0.000,0.000,0.000,0.000,0.000,0.000,0.000,0.000,0.000,0.000,0.000,0.000,0.000,0.000
sample_arrival,491.093415,9264,1,0,1203,475.491490,475.800018,3529,0,3,0,0,0,0.000,0.000,-60740.000,740.000,-1832.000,-60740.000,740.000,-1832.000,0.000,0.000,0.000,0.000,0.000,0.000,-60740.000,880.000,-1832.000,0.000,720.000,0.000,0.000,0.000,0.000,0.000,0.000,0.000
frame,491.093415,9264,1,0,0,475.572547,0.000000,0,0,3,0,0,0,0.000,0.000,-60740.000,740.000,-1832.000,-60740.000,740.000,-1832.000,0.000,0.000,0.000,0.000,0.000,0.000,0.000,0.000,0.000,0.000,0.000,0.000,0.000,0.000,0.000,0.000,0.000,0.000
frame,491.142070,9265,1,0,0,475.616337,0.000000,0,0,3,0,0,0,0.000,0.000,-60739.999,751.682,-1832.000,-60739.999,751.682,-1832.000,0.000,0.000,0.000,0.000,0.000,0.000,0.000,0.000,0.000,0.000,0.000,0.000,0.000,0.000,0.000,0.000,0.000,0.000
frame,491.220095,9266,1,0,0,475.686559,0.000000,0,0,3,0,0,0,0.000,0.000,-60740.000,800.716,-1832.000,-60740.000,800.716,-1832.000,0.000,0.000,0.000,0.000,0.000,0.000,0.000,0.000,0.000,0.000,0.000,0.000,0.000,0.000,0.000,0.000,0.000,0.000
frame,491.277996,9267,1,0,0,475.746793,0.000000,0,0,3,0,0,0,0.000,0.000,-60740.000,842.378,-1832.000,-60740.000,842.378,-1832.000,0.000,0.000,0.000,0.000,0.000,0.000,0.000,0.000,0.000,0.000,0.000,0.000,0.000,0.000,0.000,0.000,0.000,0.000
sample_arrival,491.350827,9268,1,0,1203,475.746793,476.100006,3531,0,3,0,0,0,0.000,0.000,-60740.000,842.378,-1832.000,-60740.000,842.378,-1832.000,0.000,0.000,0.000,0.000,0.000,0.000,-60740.000,1100.000,-1832.000,0.000,720.000,0.000,0.000,0.000,0.000,0.000,0.000,0.000
hard_snap,491.350827,9268,1,0,1203,475.746793,476.100006,3531,0,3,0,0,0,0.000,0.000,-60740.000,842.378,-1832.000,-60740.000,842.378,-1832.000,0.000,0.000,0.000,0.000,0.000,0.000,-60740.000,1100.000,-1832.000,0.000,720.000,0.000,0.000,0.000,0.000,0.000,0.000,0.000
frame,491.350827,9268,1,0,0,475.826832,0.000000,0,0,3,0,0,0,0.000,0.000,-60740.000,1100.000,-1832.000,-60740.000,1100.000,-1832.000,0.000,0.000,0.000,0.000,0.000,0.000,0.000,0.000,0.000,0.000,0.000,0.000,0.000,0.000,0.000,0.000,0.000,0.000
frame,491.406629,9269,1,0,0,475.881011,0.000000,0,0,3,0,0,0,0.000,0.000,-60740.000,1100.000,-1832.000,-60740.000,1100.000,-1832.000,0.000,0.000,0.000,0.000,0.000,0.000,0.000,0.000,0.000,0.000,0.000,0.000,0.000,0.000,0.000,0.000,0.000,0.000
frame,491.485941,9270,1,0,0,475.959106,0.000000,0,0,3,0,0,0,0.000,0.000,-60740.000,1100.000,-1832.000,-60740.000,1100.000,-1832.000,0.000,0.000,0.000,0.000,0.000,0.000,0.000,0.000,0.000,0.000,0.000,0.000,0.000,0.000,0.000,0.000,0.000,0.000
frame,491.537112,9271,1,0,0,476.005160,0.000000,0,0,3,0,0,0,0.000,0.000,-60740.000,1100.000,-1832.000,-60740.000,1100.000,-1832.000,0.000,0.000,0.000,0.000,0.000,0.000,0.000,0.000,0.000,0.000,0.000,0.000,0.000,0.000,0.000,0.000,0.000,0.000
sample_arrival,491.611683,9272,1,0,1203,476.005160,476.300018,3533,0,3,0,0,0,0.000,0.000,-60740.000,1100.000,-1832.000,-60740.000,1100.000,-1832.000,0.000,0.000,0.000,0.000,0.000,0.000,-60740.000,1240.000,-1832.000,0.000,720.000,0.000,0.000,0.000,0.000,0.000,0.000,0.000
frame,491.611683,9272,1,0,0,476.072274,0.000000,0,0,3,0,0,0,0.000,0.000,-60740.000,1100.000,-1832.000,-60740.000,1100.000,-1832.000,0.000,0.000,0.000,0.000,0.000,0.000,0.000,0.000,0.000,0.000,0.000,0.000,0.000,0.000,0.000,0.000,0.000,0.000
frame,491.675952,9273,1,0,0,476.142969,0.000000,0,0,3,0,0,0,0.000,0.000,-60739.999,1130.458,-1832.000,-60739.999,1130.458,-1832.000,0.000,0.000,0.000,0.000,0.000,0.000,0.000,0.000,0.000,0.000,0.000,0.000,0.000,0.000,0.000,0.000,0.000,0.000
frame,491.751179,9274,1,0,0,476.225719,0.000000,0,0,3,0,0,0,0.000,0.000,-60740.000,1187.753,-1832.000,-60740.000,1187.753,-1832.000,0.000,0.000,0.000,0.000,0.000,0.000,0.000,0.000,0.000,0.000,0.000,0.000,0.000,0.000,0.000,0.000,0.000,0.000
frame,491.807671,9275,1,0,0,476.282225,0.000000,0,0,3,0,0,0,0.000,0.000,-60740.000,1227.278,-1832.000,-60740.000,1227.278,-1832.000,0.000,0.000,0.000,0.000,0.000,0.000,0.000,0.000,0.000,0.000,0.000,0.000,0.000,0.000,0.000,0.000,0.000,0.000
sample_arrival,491.892375,9276,1,0,1203,476.282225,476.600006,3535,0,3,0,0,0,0.000,0.000,-60740.000,1227.278,-1832.000,-60740.000,1227.278,-1832.000,0.000,0.000,0.000,0.000,0.000,0.000,-60740.000,1460.000,-1832.000,0.000,720.000,0.000,0.000,0.000,0.000,0.000,0.000,0.000
hard_snap,491.892375,9276,1,0,1203,476.282225,476.600006,3535,0,3,0,0,0,0.000,0.000,-60740.000,1227.278,-1832.000,-60740.000,1227.278,-1832.000,0.000,0.000,0.000,0.000,0.000,0.000,-60740.000,1460.000,-1832.000,0.000,720.000,0.000,0.000,0.000,0.000,0.000,0.000,0.000
frame,491.892375,9276,1,0,0,476.370626,0.000000,0,0,3,0,0,0,0.000,0.000,-60740.000,1460.000,-1832.000,-60740.000,1460.000,-1832.000,0.000,0.000,0.000,0.000,0.000,0.000,0.000,0.000,0.000,0.000,0.000,0.000,0.000,0.000,0.000,0.000,0.000,0.000
frame,491.942489,9277,1,0,0,476.415729,0.000000,0,0,3,0,0,0,0.000,0.000,-60740.000,1460.000,-1832.000,-60740.000,1460.000,-1832.000,0.000,0.000,0.000,0.000,0.000,0.000,0.000,0.000,0.000,0.000,0.000,0.000,0.000,0.000,0.000,0.000,0.000,0.000
frame,492.021624,9278,1,0,0,476.486950,0.000000,0,0,3,0,0,0,0.000,0.000,-60740.000,1460.000,-1832.000,-60740.000,1460.000,-1832.000,0.000,0.000,0.000,0.000,0.000,0.000,0.000,0.000,0.000,0.000,0.000,0.000,0.000,0.000,0.000,0.000,0.000,0.000
frame,492.081843,9279,1,0,0,476.552484,0.000000,0,0,3,0,0,0,0.000,0.000,-60740.000,1460.000,-1832.000,-60740.000,1460.000,-1832.000,0.000,0.000,0.000,0.000,0.000,0.000,0.000,0.000,0.000,0.000,0.000,0.000,0.000,0.000,0.000,0.000,0.000,0.000
sample_arrival,492.156046,9280,1,0,1203,476.552484,476.899994,3537,0,3,0,0,0,0.000,0.000,-60740.000,1460.000,-1832.000,-60740.000,1460.000,-1832.000,0.000,0.000,0.000,0.000,0.000,0.000,-60740.000,1660.000,-1832.000,0.000,720.000,0.000,0.000,0.000,0.000,0.000,0.000,0.000
frame,492.156046,9280,1,0,0,476.634108,0.000000,0,0,3,0,0,0,0.000,0.000,-60740.001,1483.980,-1832.000,-60740.001,1483.980,-1832.000,0.000,0.000,0.000,0.000,0.000,0.000,0.000,0.000,0.000,0.000,0.000,0.000,0.000,0.000,0.000,0.000,0.000,0.000
frame,492.213667,9281,1,0,0,476.697490,0.000000,0,0,3,0,0,0,0.000,0.000,-60739.999,1526.220,-1832.000,-60739.999,1526.220,-1832.000,0.000,0.000,0.000,0.000,0.000,0.000,0.000,0.000,0.000,0.000,0.000,0.000,0.000,0.000,0.000,0.000,0.000,0.000
frame,492.295391,9282,1,0,0,476.779779,0.000000,0,0,3,0,0,0,0.000,0.000,-60740.000,1579.091,-1832.000,-60740.000,1579.091,-1832.000,0.000,0.000,0.000,0.000,0.000,0.000,0.000,0.000,0.000,0.000,0.000,0.000,0.000,0.000,0.000,0.000,0.000,0.000
frame,492.346422,9283,1,0,0,476.835914,0.000000,0,0,3,0,0,0,0.000,0.000,-60740.000,1615.740,-1832.000,-60740.000,1615.740,-1832.000,0.000,0.000,0.000,0.000,0.000,0.000,0.000,0.000,0.000,0.000,0.000,0.000,0.000,0.000,0.000,0.000,0.000,0.000
sample_arrival,492.422626,9284,1,0,1203,476.835914,477.200012,3539,0,3,0,0,0,0.000,0.000,-60740.000,1615.740,-1832.000,-60740.000,1615.740,-1832.000,0.000,0.000,0.000,0.000,0.000,0.000,-60740.000,1880.000,-1832.000,0.000,720.000,0.000,0.000,0.000,0.000,0.000,0.000,0.000
hard_snap,492.422626,9284,1,0,1203,476.835914,477.200012,3539,0,3,0,0,0,0.000,0.000,-60740.000,1615.740,-1832.000,-60740.000,1615.740,-1832.000,0.000,0.000,0.000,0.000,0.000,0.000,-60740.000,1880.000,-1832.000,0.000,720.000,0.000,0.000,0.000,0.000,0.000,0.000,0.000
frame,492.422626,9284,1,0,0,476.944352,0.000000,0,0,3,0,0,0,0.000,0.000,-60740.000,1880.000,-1832.000,-60740.000,1880.000,-1832.000,0.000,0.000,0.000,0.000,0.000,0.000,0.000,0.000,0.000,0.000,0.000,0.000,0.000,0.000,0.000,0.000,0.000,0.000
frame,492.482637,9285,1,0,0,477.004047,0.000000,0,0,3,0,0,0,0.000,0.000,-60740.000,1880.000,-1832.000,-60740.000,1880.000,-1832.000,0.000,0.000,0.000,0.000,0.000,0.000,0.000,0.000,0.000,0.000,0.000,0.000,0.000,0.000,0.000,0.000,0.000,0.000
frame,492.555743,9286,1,0,0,477.076915,0.000000,0,0,3,0,0,0,0.000,0.000,-60740.000,1880.000,-1832.000,-60740.000,1880.000,-1832.000,0.000,0.000,0.000,0.000,0.000,0.000,0.000,0.000,0.000,0.000,0.000,0.000,0.000,0.000,0.000,0.000,0.000,0.000
frame,492.611849,9287,1,0,0,477.127410,0.000000,0,0,3,0,0,0,0.000,0.000,-60740.000,1880.000,-1832.000,-60740.000,1880.000,-1832.000,0.000,0.000,0.000,0.000,0.000,0.000,0.000,0.000,0.000,0.000,0.000,0.000,0.000,0.000,0.000,0.000,0.000,0.000
sample_arrival,492.693059,9288,1,0,1203,477.127410,477.399994,3541,0,3,0,0,0,0.000,0.000,-60740.000,1880.000,-1832.000,-60740.000,1880.000,-1832.000,0.000,0.000,0.000,0.000,0.000,0.000,-60740.000,2020.000,-1832.000,0.000,720.000,0.000,0.000,0.000,0.000,0.000,0.000,0.000
frame,492.693059,9288,1,0,0,477.210837,0.000000,0,0,3,0,0,0,0.000,0.000,-60739.999,1887.760,-1832.000,-60739.999,1887.760,-1832.000,0.000,0.000,0.000,0.000,0.000,0.000,0.000,0.000,0.000,0.000,0.000,0.000,0.000,0.000,0.000,0.000,0.000,0.000
frame,492.742793,9289,1,0,0,477.255598,0.000000,0,0,3,0,0,0,0.000,0.000,-60739.998,1919.269,-1832.000,-60739.998,1919.269,-1832.000,0.000,0.000,0.000,0.000,0.000,0.000,0.000,0.000,0.000,0.000,0.000,0.000,0.000,0.000,0.000,0.000,0.000,0.000
frame,492.824879,9290,1,0,0,477.329475,0.000000,0,0,3,0,0,0,0.000,0.000,-60740.000,1970.364,-1832.000,-60740.000,1970.364,-1832.000,0.000,0.000,0.000,0.000,0.000,0.000,0.000,0.000,0.000,0.000,0.000,0.000,0.000,0.000,0.000,0.000,0.000,0.000
frame,492.881065,9291,1,0,0,477.386653,0.000000,0,0,3,0,0,0,0.000,0.000,-60740.000,2010.446,-1832.000,-60740.000,2010.446,-1832.000,0.000,0.000,0.000,0.000,0.000,0.000,0.000,0.000,0.000,0.000,0.000,0.000,0.000,0.000,0.000,0.000,0.000,0.000
sample_arrival,492.954634,9292,1,0,1203,477.386653,477.700012,3543,0,3,0,0,0,0.000,0.000,-60740.000,2010.446,-1832.000,-60740.000,2010.446,-1832.000,0.000,0.000,0.000,0.000,0.000,0.000,-60740.000,2240.000,-1830.000,0.000,720.000,0.000,0.000,0.000,0.000,0.000,0.000,0.000
hard_snap,492.954634,9292,1,0,1203,477.386653,477.700012,3543,0,3,0,0,0,0.000,0.000,-60740.000,2010.446,-1832.000,-60740.000,2010.446,-1832.000,0.000,0.000,0.000,0.000,0.000,0.000,-60740.000,2240.000,-1830.000,0.000,720.000,0.000,0.000,0.000,0.000,0.000,0.000,0.000
frame,492.954634,9292,1,0,0,477.472930,0.000000,0,0,3,0,0,0,0.000,0.000,-60740.000,2240.000,-1830.000,-60740.000,2240.000,-1830.000,0.000,0.000,0.000,0.000,0.000,0.000,0.000,0.000,0.000,0.000,0.000,0.000,0.000,0.000,0.000,0.000,0.000,0.000
frame,493.009897,9293,1,0,0,477.525890,0.000000,0,0,3,0,0,0,0.000,0.000,-60740.000,2240.000,-1830.000,-60740.000,2240.000,-1830.000,0.000,0.000,0.000,0.000,0.000,0.000,0.000,0.000,0.000,0.000,0.000,0.000,0.000,0.000,0.000,0.000,0.000,0.000
frame,493.095771,9294,1,0,0,477.610036,0.000000,0,0,3,0,0,0,0.000,0.000,-60740.000,2240.000,-1830.000,-60740.000,2240.000,-1830.000,0.000,0.000,0.000,0.000,0.000,0.000,0.000,0.000,0.000,0.000,0.000,0.000,0.000,0.000,0.000,0.000,0.000,0.000
frame,493.148339,9295,1,0,0,477.667860,0.000000,0,0,3,0,0,0,0.000,0.000,-60740.000,2240.000,-1830.000,-60740.000,2240.000,-1830.000,0.000,0.000,0.000,0.000,0.000,0.000,0.000,0.000,0.000,0.000,0.000,0.000,0.000,0.000,0.000,0.000,0.000,0.000
sample_arrival,493.227484,9296,1,0,1203,477.667860,478.000000,3545,0,3,0,0,0,0.000,0.000,-60740.000,2240.000,-1830.000,-60740.000,2240.000,-1830.000,0.000,0.000,0.000,0.000,0.000,0.000,-60720.000,2460.000,-1830.000,0.000,720.000,0.000,0.000,0.000,0.000,0.000,0.000,0.000
hard_snap,493.227484,9296,1,0,1203,477.667860,478.000000,3545,0,3,0,0,0,0.000,0.000,-60740.000,2240.000,-1830.000,-60740.000,2240.000,-1830.000,0.000,0.000,0.000,0.000,0.000,0.000,-60720.000,2460.000,-1830.000,0.000,720.000,0.000,0.000,0.000,0.000,0.000,0.000,0.000
frame,493.227484,9296,1,0,0,477.772222,0.000000,0,0,3,0,0,0,0.000,0.000,-60720.000,2460.000,-1830.000,-60720.000,2460.000,-1830.000,0.000,0.000,0.000,0.000,0.000,0.000,0.000,0.000,0.000,0.000,0.000,0.000,0.000,0.000,0.000,0.000,0.000,0.000
frame,493.286775,9297,1,0,0,477.829830,0.000000,0,0,3,0,0,0,0.000,0.000,-60720.000,2460.000,-1830.000,-60720.000,2460.000,-1830.000,0.000,0.000,0.000,0.000,0.000,0.000,0.000,0.000,0.000,0.000,0.000,0.000,0.000,0.000,0.000,0.000,0.000,0.000
frame,493.356589,9298,1,0,0,477.898383,0.000000,0,0,3,0,0,0,0.000,0.000,-60720.000,2460.000,-1830.000,-60720.000,2460.000,-1830.000,0.000,0.000,0.000,0.000,0.000,0.000,0.000,0.000,0.000,0.000,0.000,0.000,0.000,0.000,0.000,0.000,0.000,0.000
frame,493.413207,9299,1,0,0,477.949339,0.000000,0,0,3,0,0,0,0.000,0.000,-60720.000,2460.000,-1830.000,-60720.000,2460.000,-1830.000,0.000,0.000,0.000,0.000,0.000,0.000,0.000,0.000,0.000,0.000,0.000,0.000,0.000,0.000,0.000,0.000,0.000,0.000
sample_arrival,493.499310,9300,1,0,1203,477.949339,478.200012,3547,0,3,0,0,0,0.000,0.000,-60720.000,2460.000,-1830.000,-60720.000,2460.000,-1830.000,0.000,0.000,0.000,0.000,0.000,0.000,-60720.000,2600.000,-1830.000,0.000,720.000,0.000,0.000,0.000,0.000,0.000,0.000,0.000
frame,493.499310,9300,1,0,0,478.033377,0.000000,0,0,3,0,0,0,0.000,0.000,-60719.998,2483.734,-1830.000,-60719.998,2483.734,-1830.000,0.000,0.000,0.000,0.000,0.000,0.000,0.000,0.000,0.000,0.000,0.000,0.000,0.000,0.000,0.000,0.000,0.000,0.000
frame,493.552712,9301,1,0,0,478.092120,0.000000,0,0,3,0,0,0,0.000,0.000,-60720.000,2524.558,-1830.000,-60720.000,2524.558,-1830.000,0.000,0.000,0.000,0.000,0.000,0.000,0.000,0.000,0.000,0.000,0.000,0.000,0.000,0.000,0.000,0.000,0.000,0.000
frame,493.621805,9302,1,0,0,478.168121,0.000000,0,0,3,0,0,0,0.000,0.000,-60720.000,2577.312,-1830.000,-60720.000,2577.312,-1830.000,0.000,0.000,0.000,0.000,0.000,0.000,0.000,0.000,0.000,0.000,0.000,0.000,0.000,0.000,0.000,0.000,0.000,0.000
frame,493.678557,9303,1,0,0,478.230549,0.000000,0,0,3,0,0,0,0.000,0.000,-60720.000,2621.987,-1830.000,-60720.000,2621.987,-1830.000,0.000,0.000,0.000,0.000,0.000,0.000,0.000,0.000,0.000,0.000,0.000,0.000,0.000,0.000,0.000,0.000,0.000,0.000
sample_arrival,493.750687,9304,1,0,1203,478.230549,478.500000,3549,0,3,0,0,0,0.000,0.000,-60720.000,2621.987,-1830.000,-60720.000,2621.987,-1830.000,0.000,0.000,0.000,0.000,0.000,0.000,-60720.000,2820.000,-1828.000,0.000,720.000,0.000,0.000,0.000,0.000,0.000,0.000,0.000
frame,493.750687,9304,1,0,0,478.304429,0.000000,0,0,3,0,0,0,0.000,0.000,-60720.002,2676.299,-1829.442,-60720.002,2676.299,-1829.442,0.000,0.000,0.000,0.000,0.000,0.000,0.000,0.000,0.000,0.000,0.000,0.000,0.000,0.000,0.000,0.000,0.000,0.000
frame,493.807974,9305,1,0,0,478.355988,0.000000,0,0,3,0,0,0,0.000,0.000,-60720.000,2714.427,-1828.940,-60720.000,2714.427,-1828.940,0.000,0.000,0.000,0.000,0.000,0.000,0.000,0.000,0.000,0.000,0.000,0.000,0.000,0.000,0.000,0.000,0.000,0.000
frame,493.893050,9306,1,0,0,478.433604,0.000000,0,0,3,0,0,0,0.000,0.000,-60720.000,2771.692,-1828.251,-60720.000,2771.692,-1828.251,0.000,0.000,0.000,0.000,0.000,0.000,0.000,0.000,0.000,0.000,0.000,0.000,0.000,0.000,0.000,0.000,0.000,0.000
frame,493.961462,9307,1,0,0,478.497777,0.000000,0,0,3,0,0,0,0.000,0.000,-60720.000,2818.398,-1828.000,-60720.000,2818.398,-1828.000,0.000,0.000,0.000,0.000,0.000,0.000,0.000,0.000,0.000,0.000,0.000,0.000,0.000,0.000,0.000,0.000,0.000,0.000
sample_arrival,494.037930,9308,1,0,1203,478.497777,478.700012,3551,0,3,0,0,0,0.000,0.000,-60720.000,2818.398,-1828.000,-60720.000,2818.398,-1828.000,0.000,0.000,0.000,0.000,0.000,0.000,-60720.000,2960.000,-1828.000,0.000,720.000,0.000,0.000,0.000,0.000,0.000,0.000,0.000
frame,494.037930,9308,1,0,0,478.566598,0.000000,0,0,3,0,0,0,0.000,0.000,-60720.000,2866.913,-1828.000,-60720.000,2866.913,-1828.000,0.000,0.000,0.000,0.000,0.000,0.000,0.000,0.000,0.000,0.000,0.000,0.000,0.000,0.000,0.000,0.000,0.000,0.000
frame,494.094519,9309,1,0,0,478.617528,0.000000,0,0,3,0,0,0,0.000,0.000,-60720.000,2902.094,-1828.000,-60720.000,2902.094,-1828.000,0.000,0.000,0.000,0.000,0.000,0.000,0.000,0.000,0.000,0.000,0.000,0.000,0.000,0.000,0.000,0.000,0.000,0.000
frame,494.161514,9310,1,0,0,478.677823,0.000000,0,0,3,0,0,0,0.000,0.000,-60720.000,2944.161,-1828.000,-60720.000,2944.161,-1828.000,0.000,0.000,0.000,0.000,0.000,0.000,0.000,0.000,0.000,0.000,0.000,0.000,0.000,0.000,0.000,0.000,0.000,0.000
frame,494.217395,9311,1,0,0,478.729573,0.000000,0,0,3,0,0,0,0.000,0.000,-60720.000,2981.284,-1828.000,-60720.000,2981.284,-1828.000,0.000,0.000,0.000,0.000,0.000,0.000,0.000,0.000,0.000,0.000,0.000,0.000,0.000,0.000,0.000,0.000,0.000,0.000
sample_arrival,494.297816,9312,1,0,1203,478.729573,479.000000,3553,0,3,0,0,0,0.000,0.000,-60720.000,2981.284,-1828.000,-60720.000,2981.284,-1828.000,0.000,0.000,0.000,0.000,0.000,0.000,-60720.000,3180.000,-1828.000,0.000,720.000,0.000,0.000,0.000,0.000,0.000,0.000,0.000
frame,494.297816,9312,1,0,0,478.812737,0.000000,0,0,3,0,0,0,0.000,0.000,-60720.002,3042.434,-1828.000,-60720.002,3042.434,-1828.000,0.000,0.000,0.000,0.000,0.000,0.000,0.000,0.000,0.000,0.000,0.000,0.000,0.000,0.000,0.000,0.000,0.000,0.000
frame,494.350939,9313,1,0,0,478.871172,0.000000,0,0,3,0,0,0,0.000,0.000,-60720.000,3085.661,-1828.000,-60720.000,3085.661,-1828.000,0.000,0.000,0.000,0.000,0.000,0.000,0.000,0.000,0.000,0.000,0.000,0.000,0.000,0.000,0.000,0.000,0.000,0.000
frame,494.432730,9314,1,0,0,478.961143,0.000000,0,0,3,0,0,0,0.000,0.000,-60720.000,3151.838,-1828.000,-60720.000,3151.838,-1828.000,0.000,0.000,0.000,0.000,0.000,0.000,0.000,0.000,0.000,0.000,0.000,0.000,0.000,0.000,0.000,0.000,0.000,0.000
frame,494.487423,9315,1,0,0,479.021304,0.000000,0,0,3,0,0,0,0.000,0.000,-60720.000,3195.339,-1828.000,-60720.000,3195.339,-1828.000,0.000,0.000,0.000,0.000,0.000,0.000,0.000,0.000,0.000,0.000,0.000,0.000,0.000,0.000,0.000,0.000,0.000,0.000
sample_arrival,494.555100,9316,1,0,1203,479.021304,479.300018,3555,0,3,0,0,0,0.000,0.000,-60720.000,3195.339,-1828.000,-60720.000,3195.339,-1828.000,0.000,0.000,0.000,0.000,0.000,0.000,-60720.000,3400.000,-1824.000,0.000,720.000,0.000,0.000,0.000,0.000,0.000,0.000,0.000
hard_snap,494.555100,9316,1,0,1203,479.021304,479.300018,3555,0,3,0,0,0,0.000,0.000,-60720.000,3195.339,-1828.000,-60720.000,3195.339,-1828.000,0.000,0.000,0.000,0.000,0.000,0.000,-60720.000,3400.000,-1824.000,0.000,720.000,0.000,0.000,0.000,0.000,0.000,0.000,0.000
frame,494.555100,9316,1,0,0,479.100637,0.000000,0,0,3,0,0,0,0.000,0.000,-60720.000,3400.000,-1824.000,-60720.000,3400.000,-1824.000,0.000,0.000,0.000,0.000,0.000,0.000,0.000,0.000,0.000,0.000,0.000,0.000,0.000,0.000,0.000,0.000,0.000,0.000
frame,494.608263,9317,1,0,0,479.148484,0.000000,0,0,3,0,0,0,0.000,0.000,-60720.000,3400.000,-1824.000,-60720.000,3400.000,-1824.000,0.000,0.000,0.000,0.000,0.000,0.000,0.000,0.000,0.000,0.000,0.000,0.000,0.000,0.000,0.000,0.000,0.000,0.000
frame,494.686923,9318,1,0,0,479.222892,0.000000,0,0,3,0,0,0,0.000,0.000,-60720.000,3400.000,-1824.000,-60720.000,3400.000,-1824.000,0.000,0.000,0.000,0.000,0.000,0.000,0.000,0.000,0.000,0.000,0.000,0.000,0.000,0.000,0.000,0.000,0.000,0.000
frame,494.733961,9319,1,0,0,479.265226,0.000000,0,0,3,0,0,0,0.000,0.000,-60720.000,3400.000,-1824.000,-60720.000,3400.000,-1824.000,0.000,0.000,0.000,0.000,0.000,0.000,0.000,0.000,0.000,0.000,0.000,0.000,0.000,0.000,0.000,0.000,0.000,0.000
sample_arrival,494.808643,9320,1,0,1203,479.265226,479.500000,3557,0,3,0,0,0,0.000,0.000,-60720.000,3400.000,-1824.000,-60720.000,3400.000,-1824.000,0.000,0.000,0.000,0.000,0.000,0.000,-60720.000,3540.000,-1822.000,0.000,720.000,0.000,0.000,0.000,0.000,0.000,0.000,0.000
frame,494.808643,9320,1,0,0,479.332440,0.000000,0,0,3,0,0,0,0.000,0.000,-60720.001,3423.063,-1823.859,-60720.001,3423.063,-1823.859,0.000,0.000,0.000,0.000,0.000,0.000,0.000,0.000,0.000,0.000,0.000,0.000,0.000,0.000,0.000,0.000,0.000,0.000
frame,494.862025,9321,1,0,0,479.391160,0.000000,0,0,3,0,0,0,0.000,0.000,-60720.000,3463.893,-1823.132,-60720.000,3463.893,-1823.132,0.000,0.000,0.000,0.000,0.000,0.000,0.000,0.000,0.000,0.000,0.000,0.000,0.000,0.000,0.000,0.000,0.000,0.000
frame,494.933564,9322,1,0,0,479.469854,0.000000,0,0,3,0,0,0,0.000,0.000,-60720.000,3518.539,-1822.123,-60720.000,3518.539,-1822.123,0.000,0.000,0.000,0.000,0.000,0.000,0.000,0.000,0.000,0.000,0.000,0.000,0.000,0.000,0.000,0.000,0.000,0.000
frame,494.983716,9323,1,0,0,479.525021,0.000000,0,0,3,0,0,0,0.000,0.000,-60720.000,3558.015,-1822.000,-60720.000,3558.015,-1822.000,0.000,0.000,0.000,0.000,0.000,0.000,0.000,0.000,0.000,0.000,0.000,0.000,0.000,0.000,0.000,0.000,0.000,0.000
sample_arrival,495.061357,9324,1,0,1203,479.525021,479.800018,3559,0,3,0,0,0,0.000,0.000,-60720.000,3558.015,-1822.000,-60720.000,3558.015,-1822.000,0.000,0.000,0.000,0.000,0.000,0.000,-60720.000,3760.000,-1822.000,0.000,720.000,0.000,0.000,0.000,0.000,0.000,0.000,0.000
hard_snap,495.061357,9324,1,0,1203,479.525021,479.800018,3559,0,3,0,0,0,0.000,0.000,-60720.000,3558.015,-1822.000,-60720.000,3558.015,-1822.000,0.000,0.000,0.000,0.000,0.000,0.000,-60720.000,3760.000,-1822.000,0.000,720.000,0.000,0.000,0.000,0.000,0.000,0.000,0.000
frame,495.061357,9324,1,0,0,479.611980,0.000000,0,0,3,0,0,0,0.000,0.000,-60720.000,3760.000,-1822.000,-60720.000,3760.000,-1822.000,0.000,0.000,0.000,0.000,0.000,0.000,0.000,0.000,0.000,0.000,0.000,0.000,0.000,0.000,0.000,0.000,0.000,0.000
frame,495.117525,9325,1,0,0,479.662531,0.000000,0,0,3,0,0,0,0.000,0.000,-60720.000,3760.000,-1822.000,-60720.000,3760.000,-1822.000,0.000,0.000,0.000,0.000,0.000,0.000,0.000,0.000,0.000,0.000,0.000,0.000,0.000,0.000,0.000,0.000,0.000,0.000
frame,495.190633,9326,1,0,0,479.728329,0.000000,0,0,3,0,0,0,0.000,0.000,-60720.000,3760.000,-1822.000,-60720.000,3760.000,-1822.000,0.000,0.000,0.000,0.000,0.000,0.000,0.000,0.000,0.000,0.000,0.000,0.000,0.000,0.000,0.000,0.000,0.000,0.000
frame,495.236659,9327,1,0,0,479.769751,0.000000,0,0,3,0,0,0,0.000,0.000,-60720.000,3760.000,-1822.000,-60720.000,3760.000,-1822.000,0.000,0.000,0.000,0.000,0.000,0.000,0.000,0.000,0.000,0.000,0.000,0.000,0.000,0.000,0.000,0.000,0.000,0.000
sample_arrival,495.315849,9328,1,0,1203,479.769751,480.000000,3561,0,3,0,0,0,0.000,0.000,-60720.000,3760.000,-1822.000,-60720.000,3760.000,-1822.000,0.000,0.000,0.000,0.000,0.000,0.000,-60720.000,3900.000,-1824.000,0.000,720.000,0.000,0.000,0.000,0.000,0.000,0.000,0.000
frame,495.315849,9328,1,0,0,479.841414,0.000000,0,0,3,0,0,0,0.000,0.000,-60720.000,3789.363,-1822.222,-60720.000,3789.363,-1822.222,0.000,0.000,0.000,0.000,0.000,0.000,0.000,0.000,0.000,0.000,0.000,0.000,0.000,0.000,0.000,0.000,0.000,0.000
frame,495.369210,9329,1,0,0,479.900111,0.000000,0,0,3,0,0,0,0.000,0.000,-60720.000,3830.070,-1823.002,-60720.000,3830.070,-1823.002,0.000,0.000,0.000,0.000,0.000,0.000,0.000,0.000,0.000,0.000,0.000,0.000,0.000,0.000,0.000,0.000,0.000,0.000
frame,495.438475,9330,1,0,0,479.976302,0.000000,0,0,3,0,0,0,0.000,0.000,-60720.000,3883.092,-1823.922,-60720.000,3883.092,-1823.922,0.000,0.000,0.000,0.000,0.000,0.000,0.000,0.000,0.000,0.000,0.000,0.000,0.000,0.000,0.000,0.000,0.000,0.000
frame,495.494469,9331,1,0,0,480.037896,0.000000,0,0,3,0,0,0,0.000,0.000,-60720.000,3927.285,-1824.000,-60720.000,3927.285,-1824.000,0.000,0.000,0.000,0.000,0.000,0.000,0.000,0.000,0.000,0.000,0.000,0.000,0.000,0.000,0.000,0.000,0.000,0.000
sample_arrival,495.564920,9332,1,0,1203,480.037896,480.300018,3563,0,3,0,0,0,0.000,0.000,-60720.000,3927.285,-1824.000,-60720.000,3927.285,-1824.000,0.000,0.000,0.000,0.000,0.000,0.000,-60720.000,4120.000,-1824.000,0.000,720.000,0.000,0.000,0.000,0.000,0.000,0.000,0.000
frame,495.564920,9332,1,0,0,480.114263,0.000000,0,0,3,0,0,0,0.000,0.000,-60720.000,3983.564,-1824.000,-60720.000,3983.564,-1824.000,0.000,0.000,0.000,0.000,0.000,0.000,0.000,0.000,0.000,0.000,0.000,0.000,0.000,0.000,0.000,0.000,0.000,0.000
frame,495.618192,9333,1,0,0,480.162208,0.000000,0,0,3,0,0,0,0.000,0.000,-60720.000,4019.026,-1824.000,-60720.000,4019.026,-1824.000,0.000,0.000,0.000,0.000,0.000,0.000,0.000,0.000,0.000,0.000,0.000,0.000,0.000,0.000,0.000,0.000,0.000,0.000
frame,495.700497,9334,1,0,0,480.239318,0.000000,0,0,3,0,0,0,0.000,0.000,-60720.000,4075.872,-1824.000,-60720.000,4075.872,-1824.000,0.000,0.000,0.000,0.000,0.000,0.000,0.000,0.000,0.000,0.000,0.000,0.000,0.000,0.000,0.000,0.000,0.000,0.000
frame,495.755789,9335,1,0,0,480.300139,0.000000,0,0,3,0,0,0,0.000,0.000,-60720.000,4120.087,-1824.000,-60720.000,4120.087,-1824.000,0.000,0.000,0.000,0.000,0.000,0.000,0.000,0.000,0.000,0.000,0.000,0.000,0.000,0.000,0.000,0.000,0.000,0.000
sample_arrival,495.826966,9336,1,0,1203,480.300139,480.600006,3565,0,3,0,0,0,0.000,0.000,-60720.000,4120.087,-1824.000,-60720.000,4120.087,-1824.000,0.000,0.000,0.000,0.000,0.000,0.000,-60700.000,4340.000,-1824.000,0.000,720.000,0.000,0.000,0.000,0.000,0.000,0.000,0.000
hard_snap,495.826966,9336,1,0,1203,480.300139,480.600006,3565,0,3,0,0,0,0.000,0.000,-60720.000,4120.087,-1824.000,-60720.000,4120.087,-1824.000,0.000,0.000,0.000,0.000,0.000,0.000,-60700.000,4340.000,-1824.000,0.000,720.000,0.000,0.000,0.000,0.000,0.000,0.000,0.000
frame,495.826966,9336,1,0,0,480.389473,0.000000,0,0,3,0,0,0,0.000,0.000,-60700.000,4340.000,-1824.000,-60700.000,4340.000,-1824.000,0.000,0.000,0.000,0.000,0.000,0.000,0.000,0.000,0.000,0.000,0.000,0.000,0.000,0.000,0.000,0.000,0.000,0.000
frame,495.885261,9337,1,0,0,480.447276,0.000000,0,0,3,0,0,0,0.000,0.000,-60700.000,4340.000,-1824.000,-60700.000,4340.000,-1824.000,0.000,0.000,0.000,0.000,0.000,0.000,0.000,0.000,0.000,0.000,0.000,0.000,0.000,0.000,0.000,0.000,0.000,0.000
frame,495.960229,9338,1,0,0,480.521876,0.000000,0,0,3,0,0,0,0.000,0.000,-60700.000,4340.000,-1824.000,-60700.000,4340.000,-1824.000,0.000,0.000,0.000,0.000,0.000,0.000,0.000,0.000,0.000,0.000,0.000,0.000,0.000,0.000,0.000,0.000,0.000,0.000
frame,496.015655,9339,1,0,0,480.571758,0.000000,0,0,3,0,0,0,0.000,0.000,-60700.000,4340.000,-1824.000,-60700.000,4340.000,-1824.000,0.000,0.000,0.000,0.000,0.000,0.000,0.000,0.000,0.000,0.000,0.000,0.000,0.000,0.000,0.000,0.000,0.000,0.000
sample_arrival,496.101060,9340,1,0,1203,480.571758,480.800018,3567,0,3,0,0,0,0.000,0.000,-60700.000,4340.000,-1824.000,-60700.000,4340.000,-1824.000,0.000,0.000,0.000,0.000,0.000,0.000,-60700.000,4480.000,-1826.000,0.000,720.000,0.000,0.000,0.000,0.000,0.000,0.000,0.000
frame,496.101060,9340,1,0,0,480.648623,0.000000,0,0,3,0,0,0,0.000,0.000,-60700.000,4374.409,-1824.297,-60700.000,4374.409,-1824.297,0.000,0.000,0.000,0.000,0.000,0.000,0.000,0.000,0.000,0.000,0.000,0.000,0.000,0.000,0.000,0.000,0.000,0.000
frame,496.153486,9341,1,0,0,480.706292,0.000000,0,0,3,0,0,0,0.000,0.000,-60700.000,4414.333,-1825.094,-60700.000,4414.333,-1825.094,0.000,0.000,0.000,0.000,0.000,0.000,0.000,0.000,0.000,0.000,0.000,0.000,0.000,0.000,0.000,0.000,0.000,0.000
frame,496.225549,9342,1,0,0,480.785562,0.000000,0,0,3,0,0,0,0.000,0.000,-60700.000,4469.651,-1825.970,-60700.000,4469.651,-1825.970,0.000,0.000,0.000,0.000,0.000,0.000,0.000,0.000,0.000,0.000,0.000,0.000,0.000,0.000,0.000,0.000,0.000,0.000
frame,496.280557,9343,1,0,0,480.842281,0.000000,0,0,3,0,0,0,0.000,0.000,-60700.000,4510.429,-1826.000,-60700.000,4510.429,-1826.000,0.000,0.000,0.000,0.000,0.000,0.000,0.000,0.000,0.000,0.000,0.000,0.000,0.000,0.000,0.000,0.000,0.000,0.000
sample_arrival,496.351447,9344,1,0,1203,480.842281,481.100006,3569,0,3,0,0,0,0.000,0.000,-60700.000,4510.429,-1826.000,-60700.000,4510.429,-1826.000,0.000,0.000,0.000,0.000,0.000,0.000,-60700.000,4700.000,-1826.000,0.000,720.000,0.000,0.000,0.000,0.000,0.000,0.000,0.000
frame,496.351447,9344,1,0,0,480.914995,0.000000,0,0,3,0,0,0,0.000,0.000,-60700.002,4564.098,-1826.000,-60700.002,4564.098,-1826.000,0.000,0.000,0.000,0.000,0.000,0.000,0.000,0.000,0.000,0.000,0.000,0.000,0.000,0.000,0.000,0.000,0.000,0.000
frame,496.405020,9345,1,0,0,480.963210,0.000000,0,0,3,0,0,0,0.000,0.000,-60700.000,4599.766,-1826.000,-60700.000,4599.766,-1826.000,0.000,0.000,0.000,0.000,0.000,0.000,0.000,0.000,0.000,0.000,0.000,0.000,0.000,0.000,0.000,0.000,0.000,0.000
frame,496.487612,9346,1,0,0,481.039950,0.000000,0,0,3,0,0,0,0.000,0.000,-60700.000,4656.342,-1826.000,-60700.000,4656.342,-1826.000,0.000,0.000,0.000,0.000,0.000,0.000,0.000,0.000,0.000,0.000,0.000,0.000,0.000,0.000,0.000,0.000,0.000,0.000
frame,496.532638,9347,1,0,0,481.080473,0.000000,0,0,3,0,0,0,0.000,0.000,-60700.000,4685.888,-1826.000,-60700.000,4685.888,-1826.000,0.000,0.000,0.000,0.000,0.000,0.000,0.000,0.000,0.000,0.000,0.000,0.000,0.000,0.000,0.000,0.000,0.000,0.000
sample_arrival,496.611539,9348,1,0,1203,481.080473,481.300018,3571,0,3,0,0,0,0.000,0.000,-60700.000,4685.888,-1826.000,-60700.000,4685.888,-1826.000,0.000,0.000,0.000,0.000,0.000,0.000,-60700.000,4840.000,-1826.000,0.000,720.000,0.000,0.000,0.000,0.000,0.000,0.000,0.000
frame,496.611539,9348,1,0,0,481.151484,0.000000,0,0,3,0,0,0,0.000,0.000,-60700.001,4736.404,-1826.000,-60700.001,4736.404,-1826.000,0.000,0.000,0.000,0.000,0.000,0.000,0.000,0.000,0.000,0.000,0.000,0.000,0.000,0.000,0.000,0.000,0.000,0.000
frame,496.667491,9349,1,0,0,481.213031,0.000000,0,0,3,0,0,0,0.000,0.000,-60700.000,4778.985,-1826.000,-60700.000,4778.985,-1826.000,0.000,0.000,0.000,0.000,0.000,0.000,0.000,0.000,0.000,0.000,0.000,0.000,0.000,0.000,0.000,0.000,0.000,0.000
frame,496.738896,9350,1,0,0,481.291577,0.000000,0,0,3,0,0,0,0.000,0.000,-60700.000,4833.943,-1826.000,-60700.000,4833.943,-1826.000,0.000,0.000,0.000,0.000,0.000,0.000,0.000,0.000,0.000,0.000,0.000,0.000,0.000,0.000,0.000,0.000,0.000,0.000
frame,496.797259,9351,1,0,0,481.350783,0.000000,0,0,3,0,0,0,0.000,0.000,-60700.000,4876.551,-1826.000,-60700.000,4876.551,-1826.000,0.000,0.000,0.000,0.000,0.000,0.000,0.000,0.000,0.000,0.000,0.000,0.000,0.000,0.000,0.000,0.000,0.000,0.000
sample_arrival,496.872850,9352,1,0,1203,481.350783,481.600006,3573,0,3,0,0,0,0.000,0.000,-60700.000,4876.551,-1826.000,-60700.000,4876.551,-1826.000,0.000,0.000,0.000,0.000,0.000,0.000,-60700.000,5060.000,-1826.000,0.000,720.000,0.000,0.000,0.000,0.000,0.000,0.000,0.000
frame,496.872850,9352,1,0,0,481.424937,0.000000,0,0,3,0,0,0,0.000,0.000,-60700.000,4931.448,-1826.000,-60700.000,4931.448,-1826.000,0.000,0.000,0.000,0.000,0.000,0.000,0.000,0.000,0.000,0.000,0.000,0.000,0.000,0.000,0.000,0.000,0.000,0.000
frame,496.923293,9353,1,0,0,481.470335,0.000000,0,0,3,0,0,0,0.000,0.000,-60700.000,4965.038,-1826.000,-60700.000,4965.038,-1826.000,0.000,0.000,0.000,0.000,0.000,0.000,0.000,0.000,0.000,0.000,0.000,0.000,0.000,0.000,0.000,0.000,0.000,0.000
frame,496.998236,9354,1,0,0,481.537784,0.000000,0,0,3,0,0,0,0.000,0.000,-60700.000,5014.754,-1826.000,-60700.000,5014.754,-1826.000,0.000,0.000,0.000,0.000,0.000,0.000,0.000,0.000,0.000,0.000,0.000,0.000,0.000,0.000,0.000,0.000,0.000,0.000
frame,497.050624,9355,1,0,0,481.595411,0.000000,0,0,3,0,0,0,0.000,0.000,-60700.000,5056.689,-1826.000,-60700.000,5056.689,-1826.000,0.000,0.000,0.000,0.000,0.000,0.000,0.000,0.000,0.000,0.000,0.000,0.000,0.000,0.000,0.000,0.000,0.000,0.000
sample_arrival,497.125593,9356,1,0,1203,481.595411,481.899994,3575,0,3,0,0,0,0.000,0.000,-60700.000,5056.689,-1826.000,-60700.000,5056.689,-1826.000,0.000,0.000,0.000,0.000,0.000,0.000,-60700.000,5260.000,-1824.000,0.000,720.000,0.000,0.000,0.000,0.000,0.000,0.000,0.000
hard_snap,497.125593,9356,1,0,1203,481.595411,481.899994,3575,0,3,0,0,0,0.000,0.000,-60700.000,5056.689,-1826.000,-60700.000,5056.689,-1826.000,0.000,0.000,0.000,0.000,0.000,0.000,-60700.000,5260.000,-1824.000,0.000,720.000,0.000,0.000,0.000,0.000,0.000,0.000,0.000
frame,497.125593,9356,1,0,0,481.690845,0.000000,0,0,3,0,0,0,0.000,0.000,-60700.000,5260.000,-1824.000,-60700.000,5260.000,-1824.000,0.000,0.000,0.000,0.000,0.000,0.000,0.000,0.000,0.000,0.000,0.000,0.000,0.000,0.000,0.000,0.000,0.000,0.000
frame,497.176736,9357,1,0,0,481.743355,0.000000,0,0,3,0,0,0,0.000,0.000,-60700.000,5260.000,-1824.000,-60700.000,5260.000,-1824.000,0.000,0.000,0.000,0.000,0.000,0.000,0.000,0.000,0.000,0.000,0.000,0.000,0.000,0.000,0.000,0.000,0.000,0.000
frame,497.247764,9358,1,0,0,481.815410,0.000000,0,0,3,0,0,0,0.000,0.000,-60700.000,5260.000,-1824.000,-60700.000,5260.000,-1824.000,0.000,0.000,0.000,0.000,0.000,0.000,0.000,0.000,0.000,0.000,0.000,0.000,0.000,0.000,0.000,0.000,0.000,0.000
frame,497.304141,9359,1,0,0,481.866149,0.000000,0,0,3,0,0,0,0.000,0.000,-60700.000,5260.000,-1824.000,-60700.000,5260.000,-1824.000,0.000,0.000,0.000,0.000,0.000,0.000,0.000,0.000,0.000,0.000,0.000,0.000,0.000,0.000,0.000,0.000,0.000,0.000
sample_arrival,497.377480,9360,1,0,1203,481.866149,482.100006,3577,0,3,0,0,0,0.000,0.000,-60700.000,5260.000,-1824.000,-60700.000,5260.000,-1824.000,0.000,0.000,0.000,0.000,0.000,0.000,-60700.000,5420.000,-1822.000,0.000,720.000,0.000,0.000,0.000,0.000,0.000,0.000,0.000
frame,497.377480,9360,1,0,0,481.935817,0.000000,0,0,3,0,0,0,0.000,0.000,-60699.999,5287.147,-1823.830,-60699.999,5287.147,-1823.830,0.000,0.000,0.000,0.000,0.000,0.000,0.000,0.000,0.000,0.000,0.000,0.000,0.000,0.000,0.000,0.000,0.000,0.000
frame,497.426761,9361,1,0,0,481.980170,0.000000,0,0,3,0,0,0,0.000,0.000,-60700.000,5323.376,-1823.294,-60700.000,5323.376,-1823.294,0.000,0.000,0.000,0.000,0.000,0.000,0.000,0.000,0.000,0.000,0.000,0.000,0.000,0.000,0.000,0.000,0.000,0.000
frame,497.510191,9362,1,0,0,482.055257,0.000000,0,0,3,0,0,0,0.000,0.000,-60700.000,5385.738,-1822.256,-60700.000,5385.738,-1822.256,0.000,0.000,0.000,0.000,0.000,0.000,0.000,0.000,0.000,0.000,0.000,0.000,0.000,0.000,0.000,0.000,0.000,0.000
frame,497.560959,9363,1,0,0,482.111102,0.000000,0,0,3,0,0,0,0.000,0.000,-60700.000,5427.989,-1822.000,-60700.000,5427.989,-1822.000,0.000,0.000,0.000,0.000,0.000,0.000,0.000,0.000,0.000,0.000,0.000,0.000,0.000,0.000,0.000,0.000,0.000,0.000
sample_arrival,497.636329,9364,1,0,1203,482.111102,482.399994,3579,0,3,0,0,0,0.000,0.000,-60700.000,5427.989,-1822.000,-60700.000,5427.989,-1822.000,0.000,0.000,0.000,0.000,0.000,0.000,-60700.000,5620.000,-1820.000,0.000,720.000,0.000,0.000,0.000,0.000,0.000,0.000,0.000
frame,497.636329,9364,1,0,0,482.194009,0.000000,0,0,3,0,0,0,0.000,0.000,-60700.001,5483.956,-1821.534,-60700.001,5483.956,-1821.534,0.000,0.000,0.000,0.000,0.000,0.000,0.000,0.000,0.000,0.000,0.000,0.000,0.000,0.000,0.000,0.000,0.000,0.000
frame,497.696142,9365,1,0,0,482.255587,0.000000,0,0,3,0,0,0,0.000,0.000,-60700.000,5523.576,-1820.944,-60700.000,5523.576,-1820.944,0.000,0.000,0.000,0.000,0.000,0.000,0.000,0.000,0.000,0.000,0.000,0.000,0.000,0.000,0.000,0.000,0.000,0.000
frame,497.770485,9366,1,0,0,482.328029,0.000000,0,0,3,0,0,0,0.000,0.000,-60700.000,5570.505,-1820.290,-60700.000,5570.505,-1820.290,0.000,0.000,0.000,0.000,0.000,0.000,0.000,0.000,0.000,0.000,0.000,0.000,0.000,0.000,0.000,0.000,0.000,0.000
frame,497.819766,9367,1,0,0,482.372382,0.000000,0,0,3,0,0,0,0.000,0.000,-60700.000,5600.501,-1820.048,-60700.000,5600.501,-1820.048,0.000,0.000,0.000,0.000,0.000,0.000,0.000,0.000,0.000,0.000,0.000,0.000,0.000,0.000,0.000,0.000,0.000,0.000
sample_arrival,497.895897,9368,1,0,1203,482.372382,482.600006,3581,0,3,0,0,0,0.000,0.000,-60700.000,5600.501,-1820.048,-60700.000,5600.501,-1820.048,0.000,0.000,0.000,0.000,0.000,0.000,-60700.000,5780.000,-1818.000,0.000,720.000,0.000,0.000,0.000,0.000,0.000,0.000,0.000
frame,497.895897,9368,1,0,0,482.440900,0.000000,0,0,3,0,0,0,0.000,0.000,-60700.002,5651.186,-1819.783,-60700.002,5651.186,-1819.783,0.000,0.000,0.000,0.000,0.000,0.000,0.000,0.000,0.000,0.000,0.000,0.000,0.000,0.000,0.000,0.000,0.000,0.000
frame,497.959344,9369,1,0,0,482.510691,0.000000,0,0,3,0,0,0,0.000,0.000,-60700.000,5708.975,-1818.840,-60700.000,5708.975,-1818.840,0.000,0.000,0.000,0.000,0.000,0.000,0.000,0.000,0.000,0.000,0.000,0.000,0.000,0.000,0.000,0.000,0.000,0.000
frame,498.031348,9370,1,0,0,482.589897,0.000000,0,0,3,0,0,0,0.000,0.000,-60700.000,5772.603,-1818.015,-60700.000,5772.603,-1818.015,0.000,0.000,0.000,0.000,0.000,0.000,0.000,0.000,0.000,0.000,0.000,0.000,0.000,0.000,0.000,0.000,0.000,0.000
frame,498.087551,9371,1,0,0,482.650209,0.000000,0,0,3,0,0,0,0.000,0.000,-60700.000,5816.146,-1818.000,-60700.000,5816.146,-1818.000,0.000,0.000,0.000,0.000,0.000,0.000,0.000,0.000,0.000,0.000,0.000,0.000,0.000,0.000,0.000,0.000,0.000,0.000
sample_arrival,498.156610,9372,1,0,1203,482.650209,482.899994,3583,0,3,0,0,0,0.000,0.000,-60700.000,5816.146,-1818.000,-60700.000,5816.146,-1818.000,0.000,0.000,0.000,0.000,0.000,0.000,-60700.000,5980.000,-1818.000,0.000,720.000,0.000,0.000,0.000,0.000,0.000,0.000,0.000
frame,498.156610,9372,1,0,0,482.718056,0.000000,0,0,3,0,0,0,0.000,0.000,-60700.000,5859.516,-1818.000,-60700.000,5859.516,-1818.000,0.000,0.000,0.000,0.000,0.000,0.000,0.000,0.000,0.000,0.000,0.000,0.000,0.000,0.000,0.000,0.000,0.000,0.000
frame,498.205848,9373,1,0,0,482.762370,0.000000,0,0,3,0,0,0,0.000,0.000,-60700.000,5887.920,-1818.000,-60700.000,5887.920,-1818.000,0.000,0.000,0.000,0.000,0.000,0.000,0.000,0.000,0.000,0.000,0.000,0.000,0.000,0.000,0.000,0.000,0.000,0.000
frame,498.283503,9374,1,0,0,482.836081,0.000000,0,0,3,0,0,0,0.000,0.000,-60700.000,5935.851,-1818.000,-60700.000,5935.851,-1818.000,0.000,0.000,0.000,0.000,0.000,0.000,0.000,0.000,0.000,0.000,0.000,0.000,0.000,0.000,0.000,0.000,0.000,0.000
frame,498.331092,9375,1,0,0,482.878911,0.000000,0,0,3,0,0,0,0.000,0.000,-60700.000,5965.046,-1818.000,-60700.000,5965.046,-1818.000,0.000,0.000,0.000,0.000,0.000,0.000,0.000,0.000,0.000,0.000,0.000,0.000,0.000,0.000,0.000,0.000,0.000,0.000
sample_arrival,498.404074,9376,1,0,1203,482.878911,483.100006,3585,0,3,0,0,0,0.000,0.000,-60700.000,5965.046,-1818.000,-60700.000,5965.046,-1818.000,0.000,0.000,0.000,0.000,0.000,0.000,-60680.000,6140.000,-1818.000,0.000,720.000,0.000,0.000,0.000,0.000,0.000,0.000,0.000
frame,498.404074,9376,1,0,0,482.944595,0.000000,0,0,3,0,0,0,0.000,0.000,-60697.460,6014.143,-1818.000,-60697.460,6014.143,-1818.000,0.000,0.000,0.000,0.000,0.000,0.000,0.000,0.000,0.000,0.000,0.000,0.000,0.000,0.000,0.000,0.000,0.000,0.000
frame,498.470209,9377,1,0,0,483.017344,0.000000,0,0,3,0,0,0,0.000,0.000,-60687.425,6074.547,-1818.000,-60687.425,6074.547,-1818.000,0.000,0.000,0.000,0.000,0.000,0.000,0.000,0.000,0.000,0.000,0.000,0.000,0.000,0.000,0.000,0.000,0.000,0.000
frame,498.545348,9378,1,0,0,483.099996,0.000000,0,0,3,0,0,0,0.000,0.000,-60680.000,6139.993,-1818.000,-60680.000,6139.993,-1818.000,0.000,0.000,0.000,0.000,0.000,0.000,0.000,0.000,0.000,0.000,0.000,0.000,0.000,0.000,0.000,0.000,0.000,0.000
frame,498.599262,9379,1,0,0,483.154039,0.000000,0,0,3,0,0,0,0.000,0.000,-60680.000,6178.904,-1818.000,-60680.000,6178.904,-1818.000,0.000,0.000,0.000,0.000,0.000,0.000,0.000,0.000,0.000,0.000,0.000,0.000,0.000,0.000,0.000,0.000,0.000,0.000
sample_arrival,498.674446,9380,1,0,1203,483.154039,483.399994,3587,0,3,0,0,0,0.000,0.000,-60680.000,6178.904,-1818.000,-60680.000,6178.904,-1818.000,0.000,0.000,0.000,0.000,0.000,0.000,-60680.000,6340.000,-1818.000,0.000,720.000,0.000,0.000,0.000,0.000,0.000,0.000,0.000
frame,498.674446,9380,1,0,0,483.225204,0.000000,0,0,3,0,0,0,0.000,0.000,-60680.000,6224.112,-1818.000,-60680.000,6224.112,-1818.000,0.000,0.000,0.000,0.000,0.000,0.000,0.000,0.000,0.000,0.000,0.000,0.000,0.000,0.000,0.000,0.000,0.000,0.000
frame,498.719281,9381,1,0,0,483.269138,0.000000,0,0,3,0,0,0,0.000,0.000,-60680.000,6252.257,-1818.000,-60680.000,6252.257,-1818.000,0.000,0.000,0.000,0.000,0.000,0.000,0.000,0.000,0.000,0.000,0.000,0.000,0.000,0.000,0.000,0.000,0.000,0.000
frame,498.786218,9382,1,0,0,483.329381,0.000000,0,0,3,0,0,0,0.000,0.000,-60680.000,6291.400,-1818.000,-60680.000,6291.400,-1818.000,0.000,0.000,0.000,0.000,0.000,0.000,0.000,0.000,0.000,0.000,0.000,0.000,0.000,0.000,0.000,0.000,0.000,0.000
frame,498.829067,9383,1,0,0,483.367944,0.000000,0,0,3,0,0,0,0.000,0.000,-60680.000,6317.433,-1818.000,-60680.000,6317.433,-1818.000,0.000,0.000,0.000,0.000,0.000,0.000,0.000,0.000,0.000,0.000,0.000,0.000,0.000,0.000,0.000,0.000,0.000,0.000
sample_arrival,498.911268,9384,1,0,1203,483.367944,483.600006,3589,0,3,0,0,0,0.000,0.000,-60680.000,6317.433,-1818.000,-60680.000,6317.433,-1818.000,0.000,0.000,0.000,0.000,0.000,0.000,-60680.000,6500.000,-1820.000,0.000,720.000,0.000,0.000,0.000,0.000,0.000,0.000,0.000
frame,498.911268,9384,1,0,0,483.441926,0.000000,0,0,3,0,0,0,0.000,0.000,-60679.999,6372.005,-1818.227,-60679.999,6372.005,-1818.227,0.000,0.000,0.000,0.000,0.000,0.000,0.000,0.000,0.000,0.000,0.000,0.000,0.000,0.000,0.000,0.000,0.000,0.000
frame,498.986931,9385,1,0,0,483.522617,0.000000,0,0,3,0,0,0,0.000,0.000,-60680.000,6438.951,-1819.333,-60680.000,6438.951,-1819.333,0.000,0.000,0.000,0.000,0.000,0.000,0.000,0.000,0.000,0.000,0.000,0.000,0.000,0.000,0.000,0.000,0.000,0.000
frame,499.058746,9386,1,0,0,483.601308,0.000000,0,0,3,0,0,0,0.000,0.000,-60680.000,6500.937,-1820.000,-60680.000,6500.937,-1820.000,0.000,0.000,0.000,0.000,0.000,0.000,0.000,0.000,0.000,0.000,0.000,0.000,0.000,0.000,0.000,0.000,0.000,0.000
frame,499.107909,9387,1,0,0,483.650376,0.000000,0,0,3,0,0,0,0.000,0.000,-60680.000,6536.267,-1820.000,-60680.000,6536.267,-1820.000,0.000,0.000,0.000,0.000,0.000,0.000,0.000,0.000,0.000,0.000,0.000,0.000,0.000,0.000,0.000,0.000,0.000,0.000
sample_arrival,499.181594,9388,1,0,1203,483.650376,483.899994,3591,0,3,0,0,0,0.000,0.000,-60680.000,6536.267,-1820.000,-60680.000,6536.267,-1820.000,0.000,0.000,0.000,0.000,0.000,0.000,-60680.000,6700.000,-1820.000,0.000,720.000,0.000,0.000,0.000,0.000,0.000,0.000,0.000
frame,499.181594,9388,1,0,0,483.718834,0.000000,0,0,3,0,0,0,0.000,0.000,-60680.000,6580.016,-1820.000,-60680.000,6580.016,-1820.000,0.000,0.000,0.000,0.000,0.000,0.000,0.000,0.000,0.000,0.000,0.000,0.000,0.000,0.000,0.000,0.000,0.000,0.000
frame,499.223584,9389,1,0,0,483.756853,0.000000,0,0,3,0,0,0,0.000,0.000,-60680.000,6604.386,-1820.000,-60680.000,6604.386,-1820.000,0.000,0.000,0.000,0.000,0.000,0.000,0.000,0.000,0.000,0.000,0.000,0.000,0.000,0.000,0.000,0.000,0.000,0.000
frame,499.301680,9390,1,0,0,483.831971,0.000000,0,0,3,0,0,0,0.000,0.000,-60680.000,6653.117,-1820.000,-60680.000,6653.117,-1820.000,0.000,0.000,0.000,0.000,0.000,0.000,0.000,0.000,0.000,0.000,0.000,0.000,0.000,0.000,0.000,0.000,0.000,0.000
frame,499.347298,9391,1,0,0,483.882151,0.000000,0,0,3,0,0,0,0.000,0.000,-60680.000,6687.316,-1820.000,-60680.000,6687.316,-1820.000,0.000,0.000,0.000,0.000,0.000,0.000,0.000,0.000,0.000,0.000,0.000,0.000,0.000,0.000,0.000,0.000,0.000,0.000
sample_arrival,499.412316,9392,1,0,1203,483.882151,484.200012,3593,0,3,0,0,0,0.000,0.000,-60680.000,6687.316,-1820.000,-60680.000,6687.316,-1820.000,0.000,0.000,0.000,0.000,0.000,0.000,-60680.000,6920.000,-1820.000,0.000,720.000,0.000,0.000,0.000,0.000,0.000,0.000,0.000
hard_snap,499.412316,9392,1,0,1203,483.882151,484.200012,3593,0,3,0,0,0,0.000,0.000,-60680.000,6687.316,-1820.000,-60680.000,6687.316,-1820.000,0.000,0.000,0.000,0.000,0.000,0.000,-60680.000,6920.000,-1820.000,0.000,720.000,0.000,0.000,0.000,0.000,0.000,0.000,0.000
frame,499.412316,9392,1,0,0,483.971318,0.000000,0,0,3,0,0,0,0.000,0.000,-60680.000,6920.000,-1820.000,-60680.000,6920.000,-1820.000,0.000,0.000,0.000,0.000,0.000,0.000,0.000,0.000,0.000,0.000,0.000,0.000,0.000,0.000,0.000,0.000,0.000,0.000
frame,499.467716,9393,1,0,0,484.032257,0.000000,0,0,3,0,0,0,0.000,0.000,-60680.000,6920.000,-1820.000,-60680.000,6920.000,-1820.000,0.000,0.000,0.000,0.000,0.000,0.000,0.000,0.000,0.000,0.000,0.000,0.000,0.000,0.000,0.000,0.000,0.000,0.000
frame,499.531868,9394,1,0,0,484.089994,0.000000,0,0,3,0,0,0,0.000,0.000,-60680.000,6920.000,-1820.000,-60680.000,6920.000,-1820.000,0.000,0.000,0.000,0.000,0.000,0.000,0.000,0.000,0.000,0.000,0.000,0.000,0.000,0.000,0.000,0.000,0.000,0.000
frame,499.578025,9395,1,0,0,484.131536,0.000000,0,0,3,0,0,0,0.000,0.000,-60680.000,6920.000,-1820.000,-60680.000,6920.000,-1820.000,0.000,0.000,0.000,0.000,0.000,0.000,0.000,0.000,0.000,0.000,0.000,0.000,0.000,0.000,0.000,0.000,0.000,0.000
frame,499.646162,9396,1,0,0,484.192859,0.000000,0,0,3,0,0,0,0.000,0.000,-60680.000,6920.000,-1820.000,-60680.000,6920.000,-1820.000,0.000,0.000,0.000,0.000,0.000,0.000,0.000,0.000,0.000,0.000,0.000,0.000,0.000,0.000,0.000,0.000,0.000,0.000
frame,499.695251,9397,1,0,0,484.237039,0.000000,0,0,3,0,0,0,0.000,0.000,-60680.000,6920.000,-1820.000,-60680.000,6920.000,-1820.000,0.000,0.000,0.000,0.000,0.000,0.000,0.000,0.000,0.000,0.000,0.000,0.000,0.000,0.000,0.000,0.000,0.000,0.000
sample_arrival,499.759222,9398,1,0,1203,484.237039,484.500000,3595,0,3,0,0,0,0.000,0.000,-60680.000,6920.000,-1820.000,-60680.000,6920.000,-1820.000,0.000,0.000,0.000,0.000,0.000,0.000,-60680.000,7140.000,-1820.000,0.000,720.000,0.000,0.000,0.000,0.000,0.000,0.000,0.000
hard_snap,499.759222,9398,1,0,1203,484.237039,484.500000,3595,0,3,0,0,0,0.000,0.000,-60680.000,6920.000,-1820.000,-60680.000,6920.000,-1820.000,0.000,0.000,0.000,0.000,0.000,0.000,-60680.000,7140.000,-1820.000,0.000,720.000,0.000,0.000,0.000,0.000,0.000,0.000,0.000
frame,499.759222,9398,1,0,0,484.249314,0.000000,0,0,3,0,0,0,0.000,0.000,-60680.000,7140.000,-1820.000,-60680.000,7140.000,-1820.000,0.000,0.000,0.000,0.000,0.000,0.000,0.000,0.000,0.000,0.000,0.000,0.000,0.000,0.000,0.000,0.000,0.000,0.000
frame,499.806279,9399,1,0,0,484.297949,0.000000,0,0,3,0,0,0,0.000,0.000,-60680.000,7140.000,-1820.000,-60680.000,7140.000,-1820.000,0.000,0.000,0.000,0.000,0.000,0.000,0.000,0.000,0.000,0.000,0.000,0.000,0.000,0.000,0.000,0.000,0.000,0.000
frame,499.875921,9400,1,0,0,484.373610,0.000000,0,0,3,0,0,0,0.000,0.000,-60680.000,7140.000,-1820.000,-60680.000,7140.000,-1820.000,0.000,0.000,0.000,0.000,0.000,0.000,0.000,0.000,0.000,0.000,0.000,0.000,0.000,0.000,0.000,0.000,0.000,0.000
frame,499.916801,9401,1,0,0,484.418578,0.000000,0,0,3,0,0,0,0.000,0.000,-60680.000,7140.000,-1820.000,-60680.000,7140.000,-1820.000,0.000,0.000,0.000,0.000,0.000,0.000,0.000,0.000,0.000,0.000,0.000,0.000,0.000,0.000,0.000,0.000,0.000,0.000
frame,499.991912,9402,1,0,0,484.497501,0.000000,0,0,3,0,0,0,0.000,0.000,-60680.000,7140.000,-1820.000,-60680.000,7140.000,-1820.000,0.000,0.000,0.000,0.000,0.000,0.000,0.000,0.000,0.000,0.000,0.000,0.000,0.000,0.000,0.000,0.000,0.000,0.000
frame,500.033838,9403,1,0,0,484.535235,0.000000,0,0,3,0,0,0,0.000,0.000,-60680.000,7140.000,-1820.000,-60680.000,7140.000,-1820.000,0.000,0.000,0.000,0.000,0.000,0.000,0.000,0.000,0.000,0.000,0.000,0.000,0.000,0.000,0.000,0.000,0.000,0.000
sample_arrival,500.105393,9404,1,0,1203,484.535235,484.800018,3597,0,3,0,0,0,0.000,0.000,-60680.000,7140.000,-1820.000,-60680.000,7140.000,-1820.000,0.000,0.000,0.000,0.000,0.000,0.000,-60680.000,7360.000,-1820.000,0.000,720.000,0.000,0.000,0.000,0.000,0.000,0.000,0.000
hard_snap,500.105393,9404,1,0,1203,484.535235,484.800018,3597,0,3,0,0,0,0.000,0.000,-60680.000,7140.000,-1820.000,-60680.000,7140.000,-1820.000,0.000,0.000,0.000,0.000,0.000,0.000,-60680.000,7360.000,-1820.000,0.000,720.000,0.000,0.000,0.000,0.000,0.000,0.000,0.000
frame,500.105393,9404,1,0,0,484.572726,0.000000,0,0,3,0,0,0,0.000,0.000,-60680.000,7360.000,-1820.000,-60680.000,7360.000,-1820.000,0.000,0.000,0.000,0.000,0.000,0.000,0.000,0.000,0.000,0.000,0.000,0.000,0.000,0.000,0.000,0.000,0.000,0.000
frame,500.149491,9405,1,0,0,484.621235,0.000000,0,0,3,0,0,0,0.000,0.000,-60680.000,7360.000,-1820.000,-60680.000,7360.000,-1820.000,0.000,0.000,0.000,0.000,0.000,0.000,0.000,0.000,0.000,0.000,0.000,0.000,0.000,0.000,0.000,0.000,0.000,0.000
frame,500.212053,9406,1,0,0,484.690053,0.000000,0,0,3,0,0,0,0.000,0.000,-60680.000,7360.000,-1820.000,-60680.000,7360.000,-1820.000,0.000,0.000,0.000,0.000,0.000,0.000,0.000,0.000,0.000,0.000,0.000,0.000,0.000,0.000,0.000,0.000,0.000,0.000
frame,500.262124,9407,1,0,0,484.745131,0.000000,0,0,3,0,0,0,0.000,0.000,-60680.000,7360.000,-1820.000,-60680.000,7360.000,-1820.000,0.000,0.000,0.000,0.000,0.000,0.000,0.000,0.000,0.000,0.000,0.000,0.000,0.000,0.000,0.000,0.000,0.000,0.000
frame,500.325844,9408,1,0,0,484.813375,0.000000,0,0,3,0,0,0,0.000,0.000,-60680.000,7360.000,-1820.000,-60680.000,7360.000,-1820.000,0.000,0.000,0.000,0.000,0.000,0.000,0.000,0.000,0.000,0.000,0.000,0.000,0.000,0.000,0.000,0.000,0.000,0.000
sample_arrival,500.372458,9409,1,0,1203,484.813375,485.100006,3599,0,3,0,0,0,0.000,0.000,-60680.000,7360.000,-1820.000,-60680.000,7360.000,-1820.000,0.000,0.000,0.000,0.000,0.000,0.000,-60680.000,7580.000,-1818.000,0.000,720.000,0.000,0.000,0.000,0.000,0.000,0.000,0.000
hard_snap,500.372458,9409,1,0,1203,484.813375,485.100006,3599,0,3,0,0,0,0.000,0.000,-60680.000,7360.000,-1820.000,-60680.000,7360.000,-1820.000,0.000,0.000,0.000,0.000,0.000,0.000,-60680.000,7580.000,-1818.000,0.000,720.000,0.000,0.000,0.000,0.000,0.000,0.000,0.000
frame,500.372458,9409,1,0,0,484.850220,0.000000,0,0,3,0,0,0,0.000,0.000,-60680.000,7580.000,-1818.000,-60680.000,7580.000,-1818.000,0.000,0.000,0.000,0.000,0.000,0.000,0.000,0.000,0.000,0.000,0.000,0.000,0.000,0.000,0.000,0.000,0.000,0.000
frame,500.438485,9410,1,0,0,484.909644,0.000000,0,0,3,0,0,0,0.000,0.000,-60680.000,7580.000,-1818.000,-60680.000,7580.000,-1818.000,0.000,0.000,0.000,0.000,0.000,0.000,0.000,0.000,0.000,0.000,0.000,0.000,0.000,0.000,0.000,0.000,0.000,0.000
frame,500.487615,9411,1,0,0,484.962115,0.000000,0,0,3,0,0,0,0.000,0.000,-60680.000,7580.000,-1818.000,-60680.000,7580.000,-1818.000,0.000,0.000,0.000,0.000,0.000,0.000,0.000,0.000,0.000,0.000,0.000,0.000,0.000,0.000,0.000,0.000,0.000,0.000
frame,500.550313,9412,1,0,0,485.027862,0.000000,0,0,3,0,0,0,0.000,0.000,-60680.000,7580.000,-1818.000,-60680.000,7580.000,-1818.000,0.000,0.000,0.000,0.000,0.000,0.000,0.000,0.000,0.000,0.000,0.000,0.000,0.000,0.000,0.000,0.000,0.000,0.000
frame,500.595980,9413,1,0,0,485.075815,0.000000,0,0,3,0,0,0,0.000,0.000,-60680.000,7580.000,-1818.000,-60680.000,7580.000,-1818.000,0.000,0.000,0.000,0.000,0.000,0.000,0.000,0.000,0.000,0.000,0.000,0.000,0.000,0.000,0.000,0.000,0.000,0.000
frame,500.666694,9414,1,0,0,485.153470,0.000000,0,0,3,0,0,0,0.000,0.000,-60680.000,7580.000,-1818.000,-60680.000,7580.000,-1818.000,0.000,0.000,0.000,0.000,0.000,0.000,0.000,0.000,0.000,0.000,0.000,0.000,0.000,0.000,0.000,0.000,0.000,0.000
sample_arrival,500.708825,9415,1,0,1203,485.153470,485.500000,3601,0,3,0,0,0,0.000,0.000,-60680.000,7580.000,-1818.000,-60680.000,7580.000,-1818.000,0.000,0.000,0.000,0.000,0.000,0.000,-60660.000,7860.000,-1816.000,0.000,720.000,0.000,0.000,0.000,0.000,0.000,0.000,0.000
hard_snap,500.708825,9415,1,0,1203,485.153470,485.500000,3601,0,3,0,0,0,0.000,0.000,-60680.000,7580.000,-1818.000,-60680.000,7580.000,-1818.000,0.000,0.000,0.000,0.000,0.000,0.000,-60660.000,7860.000,-1816.000,0.000,720.000,0.000,0.000,0.000,0.000,0.000,0.000,0.000
frame,500.708825,9415,1,0,0,485.200806,0.000000,0,0,3,0,0,0,0.000,0.000,-60660.000,7860.000,-1816.000,-60660.000,7860.000,-1816.000,0.000,0.000,0.000,0.000,0.000,0.000,0.000,0.000,0.000,0.000,0.000,0.000,0.000,0.000,0.000,0.000,0.000,0.000
frame,500.774410,9416,1,0,0,485.270296,0.000000,0,0,3,0,0,0,0.000,0.000,-60660.000,7860.000,-1816.000,-60660.000,7860.000,-1816.000,0.000,0.000,0.000,0.000,0.000,0.000,0.000,0.000,0.000,0.000,0.000,0.000,0.000,0.000,0.000,0.000,0.000,0.000
frame,500.814239,9417,1,0,0,485.306142,0.000000,0,0,3,0,0,0,0.000,0.000,-60660.000,7860.000,-1816.000,-60660.000,7860.000,-1816.000,0.000,0.000,0.000,0.000,0.000,0.000,0.000,0.000,0.000,0.000,0.000,0.000,0.000,0.000,0.000,0.000,0.000,0.000
frame,500.891367,9418,1,0,0,485.375557,0.000000,0,0,3,0,0,0,0.000,0.000,-60660.000,7860.000,-1816.000,-60660.000,7860.000,-1816.000,0.000,0.000,0.000,0.000,0.000,0.000,0.000,0.000,0.000,0.000,0.000,0.000,0.000,0.000,0.000,0.000,0.000,0.000
frame,500.932430,9419,1,0,0,485.412513,0.000000,0,0,3,0,0,0,0.000,0.000,-60660.000,7860.000,-1816.000,-60660.000,7860.000,-1816.000,0.000,0.000,0.000,0.000,0.000,0.000,0.000,0.000,0.000,0.000,0.000,0.000,0.000,0.000,0.000,0.000,0.000,0.000
sample_arrival,500.995814,9420,1,0,1203,485.412513,485.700012,3603,0,3,0,0,0,0.000,0.000,-60660.000,7860.000,-1816.000,-60660.000,7860.000,-1816.000,0.000,0.000,0.000,0.000,0.000,0.000,-60660.000,8000.000,-1814.000,0.000,720.000,0.000,0.000,0.000,0.000,0.000,0.000,0.000
frame,500.995814,9420,1,0,0,485.469559,0.000000,0,0,3,0,0,0,0.000,0.000,-60660.000,7860.000,-1816.000,-60660.000,7860.000,-1816.000,0.000,0.000,0.000,0.000,0.000,0.000,0.000,0.000,0.000,0.000,0.000,0.000,0.000,0.000,0.000,0.000,0.000,0.000
frame,501.042246,9421,1,0,0,485.511348,0.000000,0,0,3,0,0,0,0.000,0.000,-60660.000,7868.134,-1815.981,-60660.000,7868.134,-1815.981,0.000,0.000,0.000,0.000,0.000,0.000,0.000,0.000,0.000,0.000,0.000,0.000,0.000,0.000,0.000,0.000,0.000,0.000
frame,501.111847,9422,1,0,0,485.573989,0.000000,0,0,3,0,0,0,0.000,0.000,-60660.000,7912.032,-1815.381,-60660.000,7912.032,-1815.381,0.000,0.000,0.000,0.000,0.000,0.000,0.000,0.000,0.000,0.000,0.000,0.000,0.000,0.000,0.000,0.000,0.000,0.000
frame,501.158268,9423,1,0,0,485.617509,0.000000,0,0,3,0,0,0,0.000,0.000,-60660.000,7942.081,-1814.740,-60660.000,7942.081,-1814.740,0.000,0.000,0.000,0.000,0.000,0.000,0.000,0.000,0.000,0.000,0.000,0.000,0.000,0.000,0.000,0.000,0.000,0.000
frame,501.223625,9424,1,0,0,485.683456,0.000000,0,0,3,0,0,0,0.000,0.000,-60660.000,7988.157,-1814.039,-60660.000,7988.157,-1814.039,0.000,0.000,0.000,0.000,0.000,0.000,0.000,0.000,0.000,0.000,0.000,0.000,0.000,0.000,0.000,0.000,0.000,0.000
frame,501.274286,9425,1,0,0,485.739184,0.000000,0,0,3,0,0,0,0.000,0.000,-60660.000,8028.203,-1814.000,-60660.000,8028.203,-1814.000,0.000,0.000,0.000,0.000,0.000,0.000,0.000,0.000,0.000,0.000,0.000,0.000,0.000,0.000,0.000,0.000,0.000,0.000
sample_arrival,501.334738,9426,1,0,1203,485.739184,486.100006,3605,0,3,0,0,0,0.000,0.000,-60660.000,8028.203,-1814.000,-60660.000,8028.203,-1814.000,0.000,0.000,0.000,0.000,0.000,0.000,-60660.000,8300.000,-1812.000,0.000,720.000,0.000,0.000,0.000,0.000,0.000,0.000,0.000
hard_snap,501.334738,9426,1,0,1203,485.739184,486.100006,3605,0,3,0,0,0,0.000,0.000,-60660.000,8028.203,-1814.000,-60660.000,8028.203,-1814.000,0.000,0.000,0.000,0.000,0.000,0.000,-60660.000,8300.000,-1812.000,0.000,720.000,0.000,0.000,0.000,0.000,0.000,0.000,0.000
frame,501.334738,9426,1,0,0,485.811781,0.000000,0,0,3,0,0,0,0.000,0.000,-60660.000,8300.000,-1812.000,-60660.000,8300.000,-1812.000,0.000,0.000,0.000,0.000,0.000,0.000,0.000,0.000,0.000,0.000,0.000,0.000,0.000,0.000,0.000,0.000,0.000,0.000
stop,501.334738,9426,1,0,0,485.811781,0.000000,0,0,3,0,0,0,0.000,0.000,-60660.000,8300.000,-1812.000,-60660.000,8300.000,-1812.000,0.000,0.000,0.000,0.000,0.000,0.000,0.000,0.000,0.000,0.000,0.000,0.000,0.000,0.000,0.000,0.000,0.000,0.000
