Id,Name,Group
1196447025,GPU1,GPU
1196447026,GPU2,GPU
1448235845,VerseSampling,Verse
65536,GPU0-Graphics0,GPU
65538,GPU0-Copy0,GPU
65537,GPU0-Compute0,GPU
2,GameThread,
62,RHIThread,Render
63,RenderThread 0,Render
64,RTHeartBeat 0,Render
4,BackgroundThreadPool #0,BackgroundThreadPool
5,BackgroundThreadPool #1,BackgroundThreadPool
42,IOThreadPool #0,IOThreadPool
43,IOThreadPool #1,IOThreadPool
44,IOThreadPool #2,IOThreadPool
45,IOThreadPool #3,IOThreadPool
50,DDC IO ThreadPool #0,DDC IO ThreadPool
51,DDC IO ThreadPool #1,DDC IO ThreadPool
52,DDC IO ThreadPool #2,DDC IO ThreadPool
53,DDC IO ThreadPool #3,DDC IO ThreadPool
6,Foreground Worker #0,Foreground Workers
7,Foreground Worker #1,Foreground Workers
70,Foreground Worker (Standby #0),Foreground Workers
86,Foreground Worker (Standby #1),Foreground Workers
8,Background Worker #0,Background Workers
11,Background Worker #3,Background Workers
12,Background Worker #4,Background Workers
13,Background Worker #5,Background Workers
14,Background Worker #6,Background Workers
15,Background Worker #7,Background Workers
16,Background Worker #8,Background Workers
17,Background Worker #9,Background Workers
19,Background Worker #11,Background Workers
20,Background Worker #12,Background Workers
21,Background Worker #13,Background Workers
22,Background Worker #14,Background Workers
23,Background Worker #15,Background Workers
26,Background Worker #17,Background Workers
27,Background Worker #19,Background Workers
29,Background Worker #21,Background Workers
30,Background Worker #25,Background Workers
85,Background Worker (Standby #0),Background Workers
98,Background Worker (Standby #1),Background Workers
99,Background Worker (Standby #2),Background Workers
78,AudioMixerNullCallbackThread,
89,AudioMixerNullCallbackThread,
91,AudioMixerNullCallbackThread,
46,WindowsRawInputThread,
47,RHIInterruptThread,
48,RHISubmissionThread,
79,AudioMixerRenderThread(1),
90,AudioMixerRenderThread(2),
93,AudioMixerRenderThread(3),
49,FMonitoredProcess 0,
58,IoDispatcher,
59,FMonitoredProcess 1,
66,FUdpMessageProcessor.Sender,
67,FUdpMessageBeacon,
68,UdpMessageMulticastReceiver,
69,UdpMessageUnicastReceiver,
76,FUdpMessageProcessor,
38,FMediaTicker,
39,HttpManagerThread,
40,OnlineAsyncTaskThreadNull DefaultInstance(1),
41,OutputDeviceRedirector,
55,ShaderCompilingThread,
56,HttpConnectionPool,
61,FMessageBus.DefaultBus.Router,
65,FTcpMessageTransport,
72,AsyncTaskThread_1,
73,AsyncTaskThread_2,
74,MCPServerThread,
75,MegascansPlugin1,
77,UnrealMCPServerThread,
81,FAndroidDeviceDetectionRunnable,
82,AsyncTaskThread_3,
83,FTcpListener,
84,StallDetectorThread,
87,OnlineAsyncTaskThreadNull DefaultInstance(2),
88,OnlineAsyncTaskThreadNull Context_1(3),
95,ScreenSaverInhibitor,
96,OnlineAsyncTaskThreadNull Context_2(4),
97,OnlineAsyncTaskThreadNull Context_3(5),
9,Background Worker #1,
10,Background Worker #2,
18,Background Worker #10,
24,Background Worker #16,
25,Background Worker #18,
28,Background Worker #20,
31,Background Worker #23,
32,Background Worker #26,
33,Background Worker #22,
34,Background Worker #27,
35,Background Worker #24,
36,FAsyncWriter_editor-fixed,
37,FAssetDataDiscovery,
54,FileSystemCacheStoreMaintainer,
57,FAssetDataGatherer,
71,FContentBrowserFileDataDiscovery,
3,Trace,
92,UnnamedThread,
80,UnnamedThread,
94,UnnamedThread,
